ID,Team1,Team2,Team1 Seed,Team2 Seed,Team1Conf,Team2Conf,Seed1,Seed2
2019_1101_1113,1101,1113,Y15,X11,Y,X,15,11
2019_1101_1120,1101,1120,Y15,Y05,Y,Y,15,5
2019_1101_1124,1101,1124,Y15,X09,Y,X,15,9
2019_1101_1125,1101,1125,Y15,W11,Y,W,15,11
2019_1101_1133,1101,1133,Y15,W15,Y,W,15,15
2019_1101_1138,1101,1138,Y15,X06,Y,X,15,6
2019_1101_1153,1101,1153,Y15,Z07,Y,Z,15,7
2019_1101_1159,1101,1159,Y15,Z15,Y,Z,15,15
2019_1101_1181,1101,1181,Y15,W01,Y,W,15,1
2019_1101_1192,1101,1192,Y15,X16,Y,X,15,16
2019_1101_1196,1101,1196,Y15,X10,Y,X,15,10
2019_1101_1199,1101,1199,Y15,X04,Y,X,15,4
2019_1101_1205,1101,1205,Y15,Z16,Y,Z,15,16
2019_1101_1209,1101,1209,Y15,Y14,Y,Y,15,14
2019_1101_1211,1101,1211,Y15,X01,Y,X,15,1
2019_1101_1222,1101,1222,Y15,Y03,Y,Y,15,3
2019_1101_1233,1101,1233,Y15,Y16,Y,Y,15,16
2019_1101_1234,1101,1234,Y15,Z10,Y,Z,15,10
2019_1101_1235,1101,1235,Y15,Y06,Y,Y,15,6
2019_1101_1242,1101,1242,Y15,Y04,Y,Y,15,4
2019_1101_1243,1101,1243,Y15,Z04,Y,Z,15,4
2019_1101_1246,1101,1246,Y15,Y02,Y,Y,15,2
2019_1101_1251,1101,1251,Y15,W12,Y,W,15,12
2019_1101_1257,1101,1257,Y15,W07,Y,W,15,7
2019_1101_1261,1101,1261,Y15,W03,Y,W,15,3
2019_1101_1266,1101,1266,Y15,X05,Y,X,15,5
2019_1101_1268,1101,1268,Y15,W06,Y,W,15,6
2019_1101_1276,1101,1276,Y15,X02,Y,X,15,2
2019_1101_1277,1101,1277,Y15,W02,Y,W,15,2
2019_1101_1278,1101,1278,Y15,W10,Y,W,15,10
2019_1101_1279,1101,1279,Y15,Z08,Y,Z,15,8
2019_1101_1280,1101,1280,Y15,W05,Y,W,15,5
2019_1101_1285,1101,1285,Y15,X15,Y,X,15,15
2019_1101_1293,1101,1293,Y15,X12,Y,X,15,12
2019_1101_1295,1101,1295,Y15,W16,Y,W,15,16
2019_1101_1297,1101,1297,Y15,X14,Y,X,15,14
2019_1101_1300,1101,1300,Y15,W16,Y,W,15,16
2019_1101_1305,1101,1305,Y15,X07,Y,X,15,7
2019_1101_1308,1101,1308,Y15,Y12,Y,Y,15,12
2019_1101_1314,1101,1314,Y15,Y01,Y,Y,15,1
2019_1101_1318,1101,1318,Y15,Y13,Y,Y,15,13
2019_1101_1326,1101,1326,Y15,Y11,Y,Y,15,11
2019_1101_1328,1101,1328,Y15,Z09,Y,Z,15,9
2019_1101_1330,1101,1330,Y15,Z14,Y,Z,15,14
2019_1101_1332,1101,1332,Y15,Z12,Y,Z,15,12
2019_1101_1341,1101,1341,Y15,X16,Y,X,15,16
2019_1101_1345,1101,1345,Y15,Z03,Y,Z,15,3
2019_1101_1371,1101,1371,Y15,Y10,Y,Y,15,10
2019_1101_1385,1101,1385,Y15,X11,Y,X,15,11
2019_1101_1387,1101,1387,Y15,W13,Y,W,15,13
2019_1101_1388,1101,1388,Y15,Z11,Y,Z,15,11
2019_1101_1393,1101,1393,Y15,X08,Y,X,15,8
2019_1101_1396,1101,1396,Y15,W11,Y,W,15,11
2019_1101_1397,1101,1397,Y15,Z02,Y,Z,15,2
2019_1101_1403,1101,1403,Y15,X03,Y,X,15,3
2019_1101_1414,1101,1414,Y15,Z13,Y,Z,15,13
2019_1101_1416,1101,1416,Y15,W09,Y,W,15,9
2019_1101_1429,1101,1429,Y15,Y08,Y,Y,15,8
2019_1101_1433,1101,1433,Y15,W08,Y,W,15,8
2019_1101_1436,1101,1436,Y15,X13,Y,X,15,13
2019_1101_1437,1101,1437,Y15,Z06,Y,Z,15,6
2019_1101_1438,1101,1438,Y15,Z01,Y,Z,15,1
2019_1101_1439,1101,1439,Y15,W04,Y,W,15,4
2019_1101_1449,1101,1449,Y15,Y09,Y,Y,15,9
2019_1101_1458,1101,1458,Y15,Z05,Y,Z,15,5
2019_1101_1459,1101,1459,Y15,Y07,Y,Y,15,7
2019_1101_1463,1101,1463,Y15,W14,Y,W,15,14
2019_1113_1120,1113,1120,X11,Y05,X,Y,11,5
2019_1113_1124,1113,1124,X11,X09,X,X,11,9
2019_1113_1125,1113,1125,X11,W11,X,W,11,11
2019_1113_1133,1113,1133,X11,W15,X,W,11,15
2019_1113_1138,1113,1138,X11,X06,X,X,11,6
2019_1113_1153,1113,1153,X11,Z07,X,Z,11,7
2019_1113_1159,1113,1159,X11,Z15,X,Z,11,15
2019_1113_1181,1113,1181,X11,W01,X,W,11,1
2019_1113_1192,1113,1192,X11,X16,X,X,11,16
2019_1113_1196,1113,1196,X11,X10,X,X,11,10
2019_1113_1199,1113,1199,X11,X04,X,X,11,4
2019_1113_1205,1113,1205,X11,Z16,X,Z,11,16
2019_1113_1209,1113,1209,X11,Y14,X,Y,11,14
2019_1113_1211,1113,1211,X11,X01,X,X,11,1
2019_1113_1222,1113,1222,X11,Y03,X,Y,11,3
2019_1113_1233,1113,1233,X11,Y16,X,Y,11,16
2019_1113_1234,1113,1234,X11,Z10,X,Z,11,10
2019_1113_1235,1113,1235,X11,Y06,X,Y,11,6
2019_1113_1242,1113,1242,X11,Y04,X,Y,11,4
2019_1113_1243,1113,1243,X11,Z04,X,Z,11,4
2019_1113_1246,1113,1246,X11,Y02,X,Y,11,2
2019_1113_1251,1113,1251,X11,W12,X,W,11,12
2019_1113_1257,1113,1257,X11,W07,X,W,11,7
2019_1113_1261,1113,1261,X11,W03,X,W,11,3
2019_1113_1266,1113,1266,X11,X05,X,X,11,5
2019_1113_1268,1113,1268,X11,W06,X,W,11,6
2019_1113_1276,1113,1276,X11,X02,X,X,11,2
2019_1113_1277,1113,1277,X11,W02,X,W,11,2
2019_1113_1278,1113,1278,X11,W10,X,W,11,10
2019_1113_1279,1113,1279,X11,Z08,X,Z,11,8
2019_1113_1280,1113,1280,X11,W05,X,W,11,5
2019_1113_1285,1113,1285,X11,X15,X,X,11,15
2019_1113_1293,1113,1293,X11,X12,X,X,11,12
2019_1113_1295,1113,1295,X11,W16,X,W,11,16
2019_1113_1297,1113,1297,X11,X14,X,X,11,14
2019_1113_1300,1113,1300,X11,W16,X,W,11,16
2019_1113_1305,1113,1305,X11,X07,X,X,11,7
2019_1113_1308,1113,1308,X11,Y12,X,Y,11,12
2019_1113_1314,1113,1314,X11,Y01,X,Y,11,1
2019_1113_1318,1113,1318,X11,Y13,X,Y,11,13
2019_1113_1326,1113,1326,X11,Y11,X,Y,11,11
2019_1113_1328,1113,1328,X11,Z09,X,Z,11,9
2019_1113_1330,1113,1330,X11,Z14,X,Z,11,14
2019_1113_1332,1113,1332,X11,Z12,X,Z,11,12
2019_1113_1341,1113,1341,X11,X16,X,X,11,16
2019_1113_1345,1113,1345,X11,Z03,X,Z,11,3
2019_1113_1371,1113,1371,X11,Y10,X,Y,11,10
2019_1113_1385,1113,1385,X11,X11,X,X,11,11
2019_1113_1387,1113,1387,X11,W13,X,W,11,13
2019_1113_1388,1113,1388,X11,Z11,X,Z,11,11
2019_1113_1393,1113,1393,X11,X08,X,X,11,8
2019_1113_1396,1113,1396,X11,W11,X,W,11,11
2019_1113_1397,1113,1397,X11,Z02,X,Z,11,2
2019_1113_1403,1113,1403,X11,X03,X,X,11,3
2019_1113_1414,1113,1414,X11,Z13,X,Z,11,13
2019_1113_1416,1113,1416,X11,W09,X,W,11,9
2019_1113_1429,1113,1429,X11,Y08,X,Y,11,8
2019_1113_1433,1113,1433,X11,W08,X,W,11,8
2019_1113_1436,1113,1436,X11,X13,X,X,11,13
2019_1113_1437,1113,1437,X11,Z06,X,Z,11,6
2019_1113_1438,1113,1438,X11,Z01,X,Z,11,1
2019_1113_1439,1113,1439,X11,W04,X,W,11,4
2019_1113_1449,1113,1449,X11,Y09,X,Y,11,9
2019_1113_1458,1113,1458,X11,Z05,X,Z,11,5
2019_1113_1459,1113,1459,X11,Y07,X,Y,11,7
2019_1113_1463,1113,1463,X11,W14,X,W,11,14
2019_1120_1124,1120,1124,Y05,X09,Y,X,5,9
2019_1120_1125,1120,1125,Y05,W11,Y,W,5,11
2019_1120_1133,1120,1133,Y05,W15,Y,W,5,15
2019_1120_1138,1120,1138,Y05,X06,Y,X,5,6
2019_1120_1153,1120,1153,Y05,Z07,Y,Z,5,7
2019_1120_1159,1120,1159,Y05,Z15,Y,Z,5,15
2019_1120_1181,1120,1181,Y05,W01,Y,W,5,1
2019_1120_1192,1120,1192,Y05,X16,Y,X,5,16
2019_1120_1196,1120,1196,Y05,X10,Y,X,5,10
2019_1120_1199,1120,1199,Y05,X04,Y,X,5,4
2019_1120_1205,1120,1205,Y05,Z16,Y,Z,5,16
2019_1120_1209,1120,1209,Y05,Y14,Y,Y,5,14
2019_1120_1211,1120,1211,Y05,X01,Y,X,5,1
2019_1120_1222,1120,1222,Y05,Y03,Y,Y,5,3
2019_1120_1233,1120,1233,Y05,Y16,Y,Y,5,16
2019_1120_1234,1120,1234,Y05,Z10,Y,Z,5,10
2019_1120_1235,1120,1235,Y05,Y06,Y,Y,5,6
2019_1120_1242,1120,1242,Y05,Y04,Y,Y,5,4
2019_1120_1243,1120,1243,Y05,Z04,Y,Z,5,4
2019_1120_1246,1120,1246,Y05,Y02,Y,Y,5,2
2019_1120_1251,1120,1251,Y05,W12,Y,W,5,12
2019_1120_1257,1120,1257,Y05,W07,Y,W,5,7
2019_1120_1261,1120,1261,Y05,W03,Y,W,5,3
2019_1120_1266,1120,1266,Y05,X05,Y,X,5,5
2019_1120_1268,1120,1268,Y05,W06,Y,W,5,6
2019_1120_1276,1120,1276,Y05,X02,Y,X,5,2
2019_1120_1277,1120,1277,Y05,W02,Y,W,5,2
2019_1120_1278,1120,1278,Y05,W10,Y,W,5,10
2019_1120_1279,1120,1279,Y05,Z08,Y,Z,5,8
2019_1120_1280,1120,1280,Y05,W05,Y,W,5,5
2019_1120_1285,1120,1285,Y05,X15,Y,X,5,15
2019_1120_1293,1120,1293,Y05,X12,Y,X,5,12
2019_1120_1295,1120,1295,Y05,W16,Y,W,5,16
2019_1120_1297,1120,1297,Y05,X14,Y,X,5,14
2019_1120_1300,1120,1300,Y05,W16,Y,W,5,16
2019_1120_1305,1120,1305,Y05,X07,Y,X,5,7
2019_1120_1308,1120,1308,Y05,Y12,Y,Y,5,12
2019_1120_1314,1120,1314,Y05,Y01,Y,Y,5,1
2019_1120_1318,1120,1318,Y05,Y13,Y,Y,5,13
2019_1120_1326,1120,1326,Y05,Y11,Y,Y,5,11
2019_1120_1328,1120,1328,Y05,Z09,Y,Z,5,9
2019_1120_1330,1120,1330,Y05,Z14,Y,Z,5,14
2019_1120_1332,1120,1332,Y05,Z12,Y,Z,5,12
2019_1120_1341,1120,1341,Y05,X16,Y,X,5,16
2019_1120_1345,1120,1345,Y05,Z03,Y,Z,5,3
2019_1120_1371,1120,1371,Y05,Y10,Y,Y,5,10
2019_1120_1385,1120,1385,Y05,X11,Y,X,5,11
2019_1120_1387,1120,1387,Y05,W13,Y,W,5,13
2019_1120_1388,1120,1388,Y05,Z11,Y,Z,5,11
2019_1120_1393,1120,1393,Y05,X08,Y,X,5,8
2019_1120_1396,1120,1396,Y05,W11,Y,W,5,11
2019_1120_1397,1120,1397,Y05,Z02,Y,Z,5,2
2019_1120_1403,1120,1403,Y05,X03,Y,X,5,3
2019_1120_1414,1120,1414,Y05,Z13,Y,Z,5,13
2019_1120_1416,1120,1416,Y05,W09,Y,W,5,9
2019_1120_1429,1120,1429,Y05,Y08,Y,Y,5,8
2019_1120_1433,1120,1433,Y05,W08,Y,W,5,8
2019_1120_1436,1120,1436,Y05,X13,Y,X,5,13
2019_1120_1437,1120,1437,Y05,Z06,Y,Z,5,6
2019_1120_1438,1120,1438,Y05,Z01,Y,Z,5,1
2019_1120_1439,1120,1439,Y05,W04,Y,W,5,4
2019_1120_1449,1120,1449,Y05,Y09,Y,Y,5,9
2019_1120_1458,1120,1458,Y05,Z05,Y,Z,5,5
2019_1120_1459,1120,1459,Y05,Y07,Y,Y,5,7
2019_1120_1463,1120,1463,Y05,W14,Y,W,5,14
2019_1124_1125,1124,1125,X09,W11,X,W,9,11
2019_1124_1133,1124,1133,X09,W15,X,W,9,15
2019_1124_1138,1124,1138,X09,X06,X,X,9,6
2019_1124_1153,1124,1153,X09,Z07,X,Z,9,7
2019_1124_1159,1124,1159,X09,Z15,X,Z,9,15
2019_1124_1181,1124,1181,X09,W01,X,W,9,1
2019_1124_1192,1124,1192,X09,X16,X,X,9,16
2019_1124_1196,1124,1196,X09,X10,X,X,9,10
2019_1124_1199,1124,1199,X09,X04,X,X,9,4
2019_1124_1205,1124,1205,X09,Z16,X,Z,9,16
2019_1124_1209,1124,1209,X09,Y14,X,Y,9,14
2019_1124_1211,1124,1211,X09,X01,X,X,9,1
2019_1124_1222,1124,1222,X09,Y03,X,Y,9,3
2019_1124_1233,1124,1233,X09,Y16,X,Y,9,16
2019_1124_1234,1124,1234,X09,Z10,X,Z,9,10
2019_1124_1235,1124,1235,X09,Y06,X,Y,9,6
2019_1124_1242,1124,1242,X09,Y04,X,Y,9,4
2019_1124_1243,1124,1243,X09,Z04,X,Z,9,4
2019_1124_1246,1124,1246,X09,Y02,X,Y,9,2
2019_1124_1251,1124,1251,X09,W12,X,W,9,12
2019_1124_1257,1124,1257,X09,W07,X,W,9,7
2019_1124_1261,1124,1261,X09,W03,X,W,9,3
2019_1124_1266,1124,1266,X09,X05,X,X,9,5
2019_1124_1268,1124,1268,X09,W06,X,W,9,6
2019_1124_1276,1124,1276,X09,X02,X,X,9,2
2019_1124_1277,1124,1277,X09,W02,X,W,9,2
2019_1124_1278,1124,1278,X09,W10,X,W,9,10
2019_1124_1279,1124,1279,X09,Z08,X,Z,9,8
2019_1124_1280,1124,1280,X09,W05,X,W,9,5
2019_1124_1285,1124,1285,X09,X15,X,X,9,15
2019_1124_1293,1124,1293,X09,X12,X,X,9,12
2019_1124_1295,1124,1295,X09,W16,X,W,9,16
2019_1124_1297,1124,1297,X09,X14,X,X,9,14
2019_1124_1300,1124,1300,X09,W16,X,W,9,16
2019_1124_1305,1124,1305,X09,X07,X,X,9,7
2019_1124_1308,1124,1308,X09,Y12,X,Y,9,12
2019_1124_1314,1124,1314,X09,Y01,X,Y,9,1
2019_1124_1318,1124,1318,X09,Y13,X,Y,9,13
2019_1124_1326,1124,1326,X09,Y11,X,Y,9,11
2019_1124_1328,1124,1328,X09,Z09,X,Z,9,9
2019_1124_1330,1124,1330,X09,Z14,X,Z,9,14
2019_1124_1332,1124,1332,X09,Z12,X,Z,9,12
2019_1124_1341,1124,1341,X09,X16,X,X,9,16
2019_1124_1345,1124,1345,X09,Z03,X,Z,9,3
2019_1124_1371,1124,1371,X09,Y10,X,Y,9,10
2019_1124_1385,1124,1385,X09,X11,X,X,9,11
2019_1124_1387,1124,1387,X09,W13,X,W,9,13
2019_1124_1388,1124,1388,X09,Z11,X,Z,9,11
2019_1124_1393,1124,1393,X09,X08,X,X,9,8
2019_1124_1396,1124,1396,X09,W11,X,W,9,11
2019_1124_1397,1124,1397,X09,Z02,X,Z,9,2
2019_1124_1403,1124,1403,X09,X03,X,X,9,3
2019_1124_1414,1124,1414,X09,Z13,X,Z,9,13
2019_1124_1416,1124,1416,X09,W09,X,W,9,9
2019_1124_1429,1124,1429,X09,Y08,X,Y,9,8
2019_1124_1433,1124,1433,X09,W08,X,W,9,8
2019_1124_1436,1124,1436,X09,X13,X,X,9,13
2019_1124_1437,1124,1437,X09,Z06,X,Z,9,6
2019_1124_1438,1124,1438,X09,Z01,X,Z,9,1
2019_1124_1439,1124,1439,X09,W04,X,W,9,4
2019_1124_1449,1124,1449,X09,Y09,X,Y,9,9
2019_1124_1458,1124,1458,X09,Z05,X,Z,9,5
2019_1124_1459,1124,1459,X09,Y07,X,Y,9,7
2019_1124_1463,1124,1463,X09,W14,X,W,9,14
2019_1125_1133,1125,1133,W11,W15,W,W,11,15
2019_1125_1138,1125,1138,W11,X06,W,X,11,6
2019_1125_1153,1125,1153,W11,Z07,W,Z,11,7
2019_1125_1159,1125,1159,W11,Z15,W,Z,11,15
2019_1125_1181,1125,1181,W11,W01,W,W,11,1
2019_1125_1192,1125,1192,W11,X16,W,X,11,16
2019_1125_1196,1125,1196,W11,X10,W,X,11,10
2019_1125_1199,1125,1199,W11,X04,W,X,11,4
2019_1125_1205,1125,1205,W11,Z16,W,Z,11,16
2019_1125_1209,1125,1209,W11,Y14,W,Y,11,14
2019_1125_1211,1125,1211,W11,X01,W,X,11,1
2019_1125_1222,1125,1222,W11,Y03,W,Y,11,3
2019_1125_1233,1125,1233,W11,Y16,W,Y,11,16
2019_1125_1234,1125,1234,W11,Z10,W,Z,11,10
2019_1125_1235,1125,1235,W11,Y06,W,Y,11,6
2019_1125_1242,1125,1242,W11,Y04,W,Y,11,4
2019_1125_1243,1125,1243,W11,Z04,W,Z,11,4
2019_1125_1246,1125,1246,W11,Y02,W,Y,11,2
2019_1125_1251,1125,1251,W11,W12,W,W,11,12
2019_1125_1257,1125,1257,W11,W07,W,W,11,7
2019_1125_1261,1125,1261,W11,W03,W,W,11,3
2019_1125_1266,1125,1266,W11,X05,W,X,11,5
2019_1125_1268,1125,1268,W11,W06,W,W,11,6
2019_1125_1276,1125,1276,W11,X02,W,X,11,2
2019_1125_1277,1125,1277,W11,W02,W,W,11,2
2019_1125_1278,1125,1278,W11,W10,W,W,11,10
2019_1125_1279,1125,1279,W11,Z08,W,Z,11,8
2019_1125_1280,1125,1280,W11,W05,W,W,11,5
2019_1125_1285,1125,1285,W11,X15,W,X,11,15
2019_1125_1293,1125,1293,W11,X12,W,X,11,12
2019_1125_1295,1125,1295,W11,W16,W,W,11,16
2019_1125_1297,1125,1297,W11,X14,W,X,11,14
2019_1125_1300,1125,1300,W11,W16,W,W,11,16
2019_1125_1305,1125,1305,W11,X07,W,X,11,7
2019_1125_1308,1125,1308,W11,Y12,W,Y,11,12
2019_1125_1314,1125,1314,W11,Y01,W,Y,11,1
2019_1125_1318,1125,1318,W11,Y13,W,Y,11,13
2019_1125_1326,1125,1326,W11,Y11,W,Y,11,11
2019_1125_1328,1125,1328,W11,Z09,W,Z,11,9
2019_1125_1330,1125,1330,W11,Z14,W,Z,11,14
2019_1125_1332,1125,1332,W11,Z12,W,Z,11,12
2019_1125_1341,1125,1341,W11,X16,W,X,11,16
2019_1125_1345,1125,1345,W11,Z03,W,Z,11,3
2019_1125_1371,1125,1371,W11,Y10,W,Y,11,10
2019_1125_1385,1125,1385,W11,X11,W,X,11,11
2019_1125_1387,1125,1387,W11,W13,W,W,11,13
2019_1125_1388,1125,1388,W11,Z11,W,Z,11,11
2019_1125_1393,1125,1393,W11,X08,W,X,11,8
2019_1125_1396,1125,1396,W11,W11,W,W,11,11
2019_1125_1397,1125,1397,W11,Z02,W,Z,11,2
2019_1125_1403,1125,1403,W11,X03,W,X,11,3
2019_1125_1414,1125,1414,W11,Z13,W,Z,11,13
2019_1125_1416,1125,1416,W11,W09,W,W,11,9
2019_1125_1429,1125,1429,W11,Y08,W,Y,11,8
2019_1125_1433,1125,1433,W11,W08,W,W,11,8
2019_1125_1436,1125,1436,W11,X13,W,X,11,13
2019_1125_1437,1125,1437,W11,Z06,W,Z,11,6
2019_1125_1438,1125,1438,W11,Z01,W,Z,11,1
2019_1125_1439,1125,1439,W11,W04,W,W,11,4
2019_1125_1449,1125,1449,W11,Y09,W,Y,11,9
2019_1125_1458,1125,1458,W11,Z05,W,Z,11,5
2019_1125_1459,1125,1459,W11,Y07,W,Y,11,7
2019_1125_1463,1125,1463,W11,W14,W,W,11,14
2019_1133_1138,1133,1138,W15,X06,W,X,15,6
2019_1133_1153,1133,1153,W15,Z07,W,Z,15,7
2019_1133_1159,1133,1159,W15,Z15,W,Z,15,15
2019_1133_1181,1133,1181,W15,W01,W,W,15,1
2019_1133_1192,1133,1192,W15,X16,W,X,15,16
2019_1133_1196,1133,1196,W15,X10,W,X,15,10
2019_1133_1199,1133,1199,W15,X04,W,X,15,4
2019_1133_1205,1133,1205,W15,Z16,W,Z,15,16
2019_1133_1209,1133,1209,W15,Y14,W,Y,15,14
2019_1133_1211,1133,1211,W15,X01,W,X,15,1
2019_1133_1222,1133,1222,W15,Y03,W,Y,15,3
2019_1133_1233,1133,1233,W15,Y16,W,Y,15,16
2019_1133_1234,1133,1234,W15,Z10,W,Z,15,10
2019_1133_1235,1133,1235,W15,Y06,W,Y,15,6
2019_1133_1242,1133,1242,W15,Y04,W,Y,15,4
2019_1133_1243,1133,1243,W15,Z04,W,Z,15,4
2019_1133_1246,1133,1246,W15,Y02,W,Y,15,2
2019_1133_1251,1133,1251,W15,W12,W,W,15,12
2019_1133_1257,1133,1257,W15,W07,W,W,15,7
2019_1133_1261,1133,1261,W15,W03,W,W,15,3
2019_1133_1266,1133,1266,W15,X05,W,X,15,5
2019_1133_1268,1133,1268,W15,W06,W,W,15,6
2019_1133_1276,1133,1276,W15,X02,W,X,15,2
2019_1133_1277,1133,1277,W15,W02,W,W,15,2
2019_1133_1278,1133,1278,W15,W10,W,W,15,10
2019_1133_1279,1133,1279,W15,Z08,W,Z,15,8
2019_1133_1280,1133,1280,W15,W05,W,W,15,5
2019_1133_1285,1133,1285,W15,X15,W,X,15,15
2019_1133_1293,1133,1293,W15,X12,W,X,15,12
2019_1133_1295,1133,1295,W15,W16,W,W,15,16
2019_1133_1297,1133,1297,W15,X14,W,X,15,14
2019_1133_1300,1133,1300,W15,W16,W,W,15,16
2019_1133_1305,1133,1305,W15,X07,W,X,15,7
2019_1133_1308,1133,1308,W15,Y12,W,Y,15,12
2019_1133_1314,1133,1314,W15,Y01,W,Y,15,1
2019_1133_1318,1133,1318,W15,Y13,W,Y,15,13
2019_1133_1326,1133,1326,W15,Y11,W,Y,15,11
2019_1133_1328,1133,1328,W15,Z09,W,Z,15,9
2019_1133_1330,1133,1330,W15,Z14,W,Z,15,14
2019_1133_1332,1133,1332,W15,Z12,W,Z,15,12
2019_1133_1341,1133,1341,W15,X16,W,X,15,16
2019_1133_1345,1133,1345,W15,Z03,W,Z,15,3
2019_1133_1371,1133,1371,W15,Y10,W,Y,15,10
2019_1133_1385,1133,1385,W15,X11,W,X,15,11
2019_1133_1387,1133,1387,W15,W13,W,W,15,13
2019_1133_1388,1133,1388,W15,Z11,W,Z,15,11
2019_1133_1393,1133,1393,W15,X08,W,X,15,8
2019_1133_1396,1133,1396,W15,W11,W,W,15,11
2019_1133_1397,1133,1397,W15,Z02,W,Z,15,2
2019_1133_1403,1133,1403,W15,X03,W,X,15,3
2019_1133_1414,1133,1414,W15,Z13,W,Z,15,13
2019_1133_1416,1133,1416,W15,W09,W,W,15,9
2019_1133_1429,1133,1429,W15,Y08,W,Y,15,8
2019_1133_1433,1133,1433,W15,W08,W,W,15,8
2019_1133_1436,1133,1436,W15,X13,W,X,15,13
2019_1133_1437,1133,1437,W15,Z06,W,Z,15,6
2019_1133_1438,1133,1438,W15,Z01,W,Z,15,1
2019_1133_1439,1133,1439,W15,W04,W,W,15,4
2019_1133_1449,1133,1449,W15,Y09,W,Y,15,9
2019_1133_1458,1133,1458,W15,Z05,W,Z,15,5
2019_1133_1459,1133,1459,W15,Y07,W,Y,15,7
2019_1133_1463,1133,1463,W15,W14,W,W,15,14
2019_1138_1153,1138,1153,X06,Z07,X,Z,6,7
2019_1138_1159,1138,1159,X06,Z15,X,Z,6,15
2019_1138_1181,1138,1181,X06,W01,X,W,6,1
2019_1138_1192,1138,1192,X06,X16,X,X,6,16
2019_1138_1196,1138,1196,X06,X10,X,X,6,10
2019_1138_1199,1138,1199,X06,X04,X,X,6,4
2019_1138_1205,1138,1205,X06,Z16,X,Z,6,16
2019_1138_1209,1138,1209,X06,Y14,X,Y,6,14
2019_1138_1211,1138,1211,X06,X01,X,X,6,1
2019_1138_1222,1138,1222,X06,Y03,X,Y,6,3
2019_1138_1233,1138,1233,X06,Y16,X,Y,6,16
2019_1138_1234,1138,1234,X06,Z10,X,Z,6,10
2019_1138_1235,1138,1235,X06,Y06,X,Y,6,6
2019_1138_1242,1138,1242,X06,Y04,X,Y,6,4
2019_1138_1243,1138,1243,X06,Z04,X,Z,6,4
2019_1138_1246,1138,1246,X06,Y02,X,Y,6,2
2019_1138_1251,1138,1251,X06,W12,X,W,6,12
2019_1138_1257,1138,1257,X06,W07,X,W,6,7
2019_1138_1261,1138,1261,X06,W03,X,W,6,3
2019_1138_1266,1138,1266,X06,X05,X,X,6,5
2019_1138_1268,1138,1268,X06,W06,X,W,6,6
2019_1138_1276,1138,1276,X06,X02,X,X,6,2
2019_1138_1277,1138,1277,X06,W02,X,W,6,2
2019_1138_1278,1138,1278,X06,W10,X,W,6,10
2019_1138_1279,1138,1279,X06,Z08,X,Z,6,8
2019_1138_1280,1138,1280,X06,W05,X,W,6,5
2019_1138_1285,1138,1285,X06,X15,X,X,6,15
2019_1138_1293,1138,1293,X06,X12,X,X,6,12
2019_1138_1295,1138,1295,X06,W16,X,W,6,16
2019_1138_1297,1138,1297,X06,X14,X,X,6,14
2019_1138_1300,1138,1300,X06,W16,X,W,6,16
2019_1138_1305,1138,1305,X06,X07,X,X,6,7
2019_1138_1308,1138,1308,X06,Y12,X,Y,6,12
2019_1138_1314,1138,1314,X06,Y01,X,Y,6,1
2019_1138_1318,1138,1318,X06,Y13,X,Y,6,13
2019_1138_1326,1138,1326,X06,Y11,X,Y,6,11
2019_1138_1328,1138,1328,X06,Z09,X,Z,6,9
2019_1138_1330,1138,1330,X06,Z14,X,Z,6,14
2019_1138_1332,1138,1332,X06,Z12,X,Z,6,12
2019_1138_1341,1138,1341,X06,X16,X,X,6,16
2019_1138_1345,1138,1345,X06,Z03,X,Z,6,3
2019_1138_1371,1138,1371,X06,Y10,X,Y,6,10
2019_1138_1385,1138,1385,X06,X11,X,X,6,11
2019_1138_1387,1138,1387,X06,W13,X,W,6,13
2019_1138_1388,1138,1388,X06,Z11,X,Z,6,11
2019_1138_1393,1138,1393,X06,X08,X,X,6,8
2019_1138_1396,1138,1396,X06,W11,X,W,6,11
2019_1138_1397,1138,1397,X06,Z02,X,Z,6,2
2019_1138_1403,1138,1403,X06,X03,X,X,6,3
2019_1138_1414,1138,1414,X06,Z13,X,Z,6,13
2019_1138_1416,1138,1416,X06,W09,X,W,6,9
2019_1138_1429,1138,1429,X06,Y08,X,Y,6,8
2019_1138_1433,1138,1433,X06,W08,X,W,6,8
2019_1138_1436,1138,1436,X06,X13,X,X,6,13
2019_1138_1437,1138,1437,X06,Z06,X,Z,6,6
2019_1138_1438,1138,1438,X06,Z01,X,Z,6,1
2019_1138_1439,1138,1439,X06,W04,X,W,6,4
2019_1138_1449,1138,1449,X06,Y09,X,Y,6,9
2019_1138_1458,1138,1458,X06,Z05,X,Z,6,5
2019_1138_1459,1138,1459,X06,Y07,X,Y,6,7
2019_1138_1463,1138,1463,X06,W14,X,W,6,14
2019_1153_1159,1153,1159,Z07,Z15,Z,Z,7,15
2019_1153_1181,1153,1181,Z07,W01,Z,W,7,1
2019_1153_1192,1153,1192,Z07,X16,Z,X,7,16
2019_1153_1196,1153,1196,Z07,X10,Z,X,7,10
2019_1153_1199,1153,1199,Z07,X04,Z,X,7,4
2019_1153_1205,1153,1205,Z07,Z16,Z,Z,7,16
2019_1153_1209,1153,1209,Z07,Y14,Z,Y,7,14
2019_1153_1211,1153,1211,Z07,X01,Z,X,7,1
2019_1153_1222,1153,1222,Z07,Y03,Z,Y,7,3
2019_1153_1233,1153,1233,Z07,Y16,Z,Y,7,16
2019_1153_1234,1153,1234,Z07,Z10,Z,Z,7,10
2019_1153_1235,1153,1235,Z07,Y06,Z,Y,7,6
2019_1153_1242,1153,1242,Z07,Y04,Z,Y,7,4
2019_1153_1243,1153,1243,Z07,Z04,Z,Z,7,4
2019_1153_1246,1153,1246,Z07,Y02,Z,Y,7,2
2019_1153_1251,1153,1251,Z07,W12,Z,W,7,12
2019_1153_1257,1153,1257,Z07,W07,Z,W,7,7
2019_1153_1261,1153,1261,Z07,W03,Z,W,7,3
2019_1153_1266,1153,1266,Z07,X05,Z,X,7,5
2019_1153_1268,1153,1268,Z07,W06,Z,W,7,6
2019_1153_1276,1153,1276,Z07,X02,Z,X,7,2
2019_1153_1277,1153,1277,Z07,W02,Z,W,7,2
2019_1153_1278,1153,1278,Z07,W10,Z,W,7,10
2019_1153_1279,1153,1279,Z07,Z08,Z,Z,7,8
2019_1153_1280,1153,1280,Z07,W05,Z,W,7,5
2019_1153_1285,1153,1285,Z07,X15,Z,X,7,15
2019_1153_1293,1153,1293,Z07,X12,Z,X,7,12
2019_1153_1295,1153,1295,Z07,W16,Z,W,7,16
2019_1153_1297,1153,1297,Z07,X14,Z,X,7,14
2019_1153_1300,1153,1300,Z07,W16,Z,W,7,16
2019_1153_1305,1153,1305,Z07,X07,Z,X,7,7
2019_1153_1308,1153,1308,Z07,Y12,Z,Y,7,12
2019_1153_1314,1153,1314,Z07,Y01,Z,Y,7,1
2019_1153_1318,1153,1318,Z07,Y13,Z,Y,7,13
2019_1153_1326,1153,1326,Z07,Y11,Z,Y,7,11
2019_1153_1328,1153,1328,Z07,Z09,Z,Z,7,9
2019_1153_1330,1153,1330,Z07,Z14,Z,Z,7,14
2019_1153_1332,1153,1332,Z07,Z12,Z,Z,7,12
2019_1153_1341,1153,1341,Z07,X16,Z,X,7,16
2019_1153_1345,1153,1345,Z07,Z03,Z,Z,7,3
2019_1153_1371,1153,1371,Z07,Y10,Z,Y,7,10
2019_1153_1385,1153,1385,Z07,X11,Z,X,7,11
2019_1153_1387,1153,1387,Z07,W13,Z,W,7,13
2019_1153_1388,1153,1388,Z07,Z11,Z,Z,7,11
2019_1153_1393,1153,1393,Z07,X08,Z,X,7,8
2019_1153_1396,1153,1396,Z07,W11,Z,W,7,11
2019_1153_1397,1153,1397,Z07,Z02,Z,Z,7,2
2019_1153_1403,1153,1403,Z07,X03,Z,X,7,3
2019_1153_1414,1153,1414,Z07,Z13,Z,Z,7,13
2019_1153_1416,1153,1416,Z07,W09,Z,W,7,9
2019_1153_1429,1153,1429,Z07,Y08,Z,Y,7,8
2019_1153_1433,1153,1433,Z07,W08,Z,W,7,8
2019_1153_1436,1153,1436,Z07,X13,Z,X,7,13
2019_1153_1437,1153,1437,Z07,Z06,Z,Z,7,6
2019_1153_1438,1153,1438,Z07,Z01,Z,Z,7,1
2019_1153_1439,1153,1439,Z07,W04,Z,W,7,4
2019_1153_1449,1153,1449,Z07,Y09,Z,Y,7,9
2019_1153_1458,1153,1458,Z07,Z05,Z,Z,7,5
2019_1153_1459,1153,1459,Z07,Y07,Z,Y,7,7
2019_1153_1463,1153,1463,Z07,W14,Z,W,7,14
2019_1159_1181,1159,1181,Z15,W01,Z,W,15,1
2019_1159_1192,1159,1192,Z15,X16,Z,X,15,16
2019_1159_1196,1159,1196,Z15,X10,Z,X,15,10
2019_1159_1199,1159,1199,Z15,X04,Z,X,15,4
2019_1159_1205,1159,1205,Z15,Z16,Z,Z,15,16
2019_1159_1209,1159,1209,Z15,Y14,Z,Y,15,14
2019_1159_1211,1159,1211,Z15,X01,Z,X,15,1
2019_1159_1222,1159,1222,Z15,Y03,Z,Y,15,3
2019_1159_1233,1159,1233,Z15,Y16,Z,Y,15,16
2019_1159_1234,1159,1234,Z15,Z10,Z,Z,15,10
2019_1159_1235,1159,1235,Z15,Y06,Z,Y,15,6
2019_1159_1242,1159,1242,Z15,Y04,Z,Y,15,4
2019_1159_1243,1159,1243,Z15,Z04,Z,Z,15,4
2019_1159_1246,1159,1246,Z15,Y02,Z,Y,15,2
2019_1159_1251,1159,1251,Z15,W12,Z,W,15,12
2019_1159_1257,1159,1257,Z15,W07,Z,W,15,7
2019_1159_1261,1159,1261,Z15,W03,Z,W,15,3
2019_1159_1266,1159,1266,Z15,X05,Z,X,15,5
2019_1159_1268,1159,1268,Z15,W06,Z,W,15,6
2019_1159_1276,1159,1276,Z15,X02,Z,X,15,2
2019_1159_1277,1159,1277,Z15,W02,Z,W,15,2
2019_1159_1278,1159,1278,Z15,W10,Z,W,15,10
2019_1159_1279,1159,1279,Z15,Z08,Z,Z,15,8
2019_1159_1280,1159,1280,Z15,W05,Z,W,15,5
2019_1159_1285,1159,1285,Z15,X15,Z,X,15,15
2019_1159_1293,1159,1293,Z15,X12,Z,X,15,12
2019_1159_1295,1159,1295,Z15,W16,Z,W,15,16
2019_1159_1297,1159,1297,Z15,X14,Z,X,15,14
2019_1159_1300,1159,1300,Z15,W16,Z,W,15,16
2019_1159_1305,1159,1305,Z15,X07,Z,X,15,7
2019_1159_1308,1159,1308,Z15,Y12,Z,Y,15,12
2019_1159_1314,1159,1314,Z15,Y01,Z,Y,15,1
2019_1159_1318,1159,1318,Z15,Y13,Z,Y,15,13
2019_1159_1326,1159,1326,Z15,Y11,Z,Y,15,11
2019_1159_1328,1159,1328,Z15,Z09,Z,Z,15,9
2019_1159_1330,1159,1330,Z15,Z14,Z,Z,15,14
2019_1159_1332,1159,1332,Z15,Z12,Z,Z,15,12
2019_1159_1341,1159,1341,Z15,X16,Z,X,15,16
2019_1159_1345,1159,1345,Z15,Z03,Z,Z,15,3
2019_1159_1371,1159,1371,Z15,Y10,Z,Y,15,10
2019_1159_1385,1159,1385,Z15,X11,Z,X,15,11
2019_1159_1387,1159,1387,Z15,W13,Z,W,15,13
2019_1159_1388,1159,1388,Z15,Z11,Z,Z,15,11
2019_1159_1393,1159,1393,Z15,X08,Z,X,15,8
2019_1159_1396,1159,1396,Z15,W11,Z,W,15,11
2019_1159_1397,1159,1397,Z15,Z02,Z,Z,15,2
2019_1159_1403,1159,1403,Z15,X03,Z,X,15,3
2019_1159_1414,1159,1414,Z15,Z13,Z,Z,15,13
2019_1159_1416,1159,1416,Z15,W09,Z,W,15,9
2019_1159_1429,1159,1429,Z15,Y08,Z,Y,15,8
2019_1159_1433,1159,1433,Z15,W08,Z,W,15,8
2019_1159_1436,1159,1436,Z15,X13,Z,X,15,13
2019_1159_1437,1159,1437,Z15,Z06,Z,Z,15,6
2019_1159_1438,1159,1438,Z15,Z01,Z,Z,15,1
2019_1159_1439,1159,1439,Z15,W04,Z,W,15,4
2019_1159_1449,1159,1449,Z15,Y09,Z,Y,15,9
2019_1159_1458,1159,1458,Z15,Z05,Z,Z,15,5
2019_1159_1459,1159,1459,Z15,Y07,Z,Y,15,7
2019_1159_1463,1159,1463,Z15,W14,Z,W,15,14
2019_1181_1192,1181,1192,W01,X16,W,X,1,16
2019_1181_1196,1181,1196,W01,X10,W,X,1,10
2019_1181_1199,1181,1199,W01,X04,W,X,1,4
2019_1181_1205,1181,1205,W01,Z16,W,Z,1,16
2019_1181_1209,1181,1209,W01,Y14,W,Y,1,14
2019_1181_1211,1181,1211,W01,X01,W,X,1,1
2019_1181_1222,1181,1222,W01,Y03,W,Y,1,3
2019_1181_1233,1181,1233,W01,Y16,W,Y,1,16
2019_1181_1234,1181,1234,W01,Z10,W,Z,1,10
2019_1181_1235,1181,1235,W01,Y06,W,Y,1,6
2019_1181_1242,1181,1242,W01,Y04,W,Y,1,4
2019_1181_1243,1181,1243,W01,Z04,W,Z,1,4
2019_1181_1246,1181,1246,W01,Y02,W,Y,1,2
2019_1181_1251,1181,1251,W01,W12,W,W,1,12
2019_1181_1257,1181,1257,W01,W07,W,W,1,7
2019_1181_1261,1181,1261,W01,W03,W,W,1,3
2019_1181_1266,1181,1266,W01,X05,W,X,1,5
2019_1181_1268,1181,1268,W01,W06,W,W,1,6
2019_1181_1276,1181,1276,W01,X02,W,X,1,2
2019_1181_1277,1181,1277,W01,W02,W,W,1,2
2019_1181_1278,1181,1278,W01,W10,W,W,1,10
2019_1181_1279,1181,1279,W01,Z08,W,Z,1,8
2019_1181_1280,1181,1280,W01,W05,W,W,1,5
2019_1181_1285,1181,1285,W01,X15,W,X,1,15
2019_1181_1293,1181,1293,W01,X12,W,X,1,12
2019_1181_1295,1181,1295,W01,W16,W,W,1,16
2019_1181_1297,1181,1297,W01,X14,W,X,1,14
2019_1181_1300,1181,1300,W01,W16,W,W,1,16
2019_1181_1305,1181,1305,W01,X07,W,X,1,7
2019_1181_1308,1181,1308,W01,Y12,W,Y,1,12
2019_1181_1314,1181,1314,W01,Y01,W,Y,1,1
2019_1181_1318,1181,1318,W01,Y13,W,Y,1,13
2019_1181_1326,1181,1326,W01,Y11,W,Y,1,11
2019_1181_1328,1181,1328,W01,Z09,W,Z,1,9
2019_1181_1330,1181,1330,W01,Z14,W,Z,1,14
2019_1181_1332,1181,1332,W01,Z12,W,Z,1,12
2019_1181_1341,1181,1341,W01,X16,W,X,1,16
2019_1181_1345,1181,1345,W01,Z03,W,Z,1,3
2019_1181_1371,1181,1371,W01,Y10,W,Y,1,10
2019_1181_1385,1181,1385,W01,X11,W,X,1,11
2019_1181_1387,1181,1387,W01,W13,W,W,1,13
2019_1181_1388,1181,1388,W01,Z11,W,Z,1,11
2019_1181_1393,1181,1393,W01,X08,W,X,1,8
2019_1181_1396,1181,1396,W01,W11,W,W,1,11
2019_1181_1397,1181,1397,W01,Z02,W,Z,1,2
2019_1181_1403,1181,1403,W01,X03,W,X,1,3
2019_1181_1414,1181,1414,W01,Z13,W,Z,1,13
2019_1181_1416,1181,1416,W01,W09,W,W,1,9
2019_1181_1429,1181,1429,W01,Y08,W,Y,1,8
2019_1181_1433,1181,1433,W01,W08,W,W,1,8
2019_1181_1436,1181,1436,W01,X13,W,X,1,13
2019_1181_1437,1181,1437,W01,Z06,W,Z,1,6
2019_1181_1438,1181,1438,W01,Z01,W,Z,1,1
2019_1181_1439,1181,1439,W01,W04,W,W,1,4
2019_1181_1449,1181,1449,W01,Y09,W,Y,1,9
2019_1181_1458,1181,1458,W01,Z05,W,Z,1,5
2019_1181_1459,1181,1459,W01,Y07,W,Y,1,7
2019_1181_1463,1181,1463,W01,W14,W,W,1,14
2019_1192_1196,1192,1196,X16,X10,X,X,16,10
2019_1192_1199,1192,1199,X16,X04,X,X,16,4
2019_1192_1205,1192,1205,X16,Z16,X,Z,16,16
2019_1192_1209,1192,1209,X16,Y14,X,Y,16,14
2019_1192_1211,1192,1211,X16,X01,X,X,16,1
2019_1192_1222,1192,1222,X16,Y03,X,Y,16,3
2019_1192_1233,1192,1233,X16,Y16,X,Y,16,16
2019_1192_1234,1192,1234,X16,Z10,X,Z,16,10
2019_1192_1235,1192,1235,X16,Y06,X,Y,16,6
2019_1192_1242,1192,1242,X16,Y04,X,Y,16,4
2019_1192_1243,1192,1243,X16,Z04,X,Z,16,4
2019_1192_1246,1192,1246,X16,Y02,X,Y,16,2
2019_1192_1251,1192,1251,X16,W12,X,W,16,12
2019_1192_1257,1192,1257,X16,W07,X,W,16,7
2019_1192_1261,1192,1261,X16,W03,X,W,16,3
2019_1192_1266,1192,1266,X16,X05,X,X,16,5
2019_1192_1268,1192,1268,X16,W06,X,W,16,6
2019_1192_1276,1192,1276,X16,X02,X,X,16,2
2019_1192_1277,1192,1277,X16,W02,X,W,16,2
2019_1192_1278,1192,1278,X16,W10,X,W,16,10
2019_1192_1279,1192,1279,X16,Z08,X,Z,16,8
2019_1192_1280,1192,1280,X16,W05,X,W,16,5
2019_1192_1285,1192,1285,X16,X15,X,X,16,15
2019_1192_1293,1192,1293,X16,X12,X,X,16,12
2019_1192_1295,1192,1295,X16,W16,X,W,16,16
2019_1192_1297,1192,1297,X16,X14,X,X,16,14
2019_1192_1300,1192,1300,X16,W16,X,W,16,16
2019_1192_1305,1192,1305,X16,X07,X,X,16,7
2019_1192_1308,1192,1308,X16,Y12,X,Y,16,12
2019_1192_1314,1192,1314,X16,Y01,X,Y,16,1
2019_1192_1318,1192,1318,X16,Y13,X,Y,16,13
2019_1192_1326,1192,1326,X16,Y11,X,Y,16,11
2019_1192_1328,1192,1328,X16,Z09,X,Z,16,9
2019_1192_1330,1192,1330,X16,Z14,X,Z,16,14
2019_1192_1332,1192,1332,X16,Z12,X,Z,16,12
2019_1192_1341,1192,1341,X16,X16,X,X,16,16
2019_1192_1345,1192,1345,X16,Z03,X,Z,16,3
2019_1192_1371,1192,1371,X16,Y10,X,Y,16,10
2019_1192_1385,1192,1385,X16,X11,X,X,16,11
2019_1192_1387,1192,1387,X16,W13,X,W,16,13
2019_1192_1388,1192,1388,X16,Z11,X,Z,16,11
2019_1192_1393,1192,1393,X16,X08,X,X,16,8
2019_1192_1396,1192,1396,X16,W11,X,W,16,11
2019_1192_1397,1192,1397,X16,Z02,X,Z,16,2
2019_1192_1403,1192,1403,X16,X03,X,X,16,3
2019_1192_1414,1192,1414,X16,Z13,X,Z,16,13
2019_1192_1416,1192,1416,X16,W09,X,W,16,9
2019_1192_1429,1192,1429,X16,Y08,X,Y,16,8
2019_1192_1433,1192,1433,X16,W08,X,W,16,8
2019_1192_1436,1192,1436,X16,X13,X,X,16,13
2019_1192_1437,1192,1437,X16,Z06,X,Z,16,6
2019_1192_1438,1192,1438,X16,Z01,X,Z,16,1
2019_1192_1439,1192,1439,X16,W04,X,W,16,4
2019_1192_1449,1192,1449,X16,Y09,X,Y,16,9
2019_1192_1458,1192,1458,X16,Z05,X,Z,16,5
2019_1192_1459,1192,1459,X16,Y07,X,Y,16,7
2019_1192_1463,1192,1463,X16,W14,X,W,16,14
2019_1196_1199,1196,1199,X10,X04,X,X,10,4
2019_1196_1205,1196,1205,X10,Z16,X,Z,10,16
2019_1196_1209,1196,1209,X10,Y14,X,Y,10,14
2019_1196_1211,1196,1211,X10,X01,X,X,10,1
2019_1196_1222,1196,1222,X10,Y03,X,Y,10,3
2019_1196_1233,1196,1233,X10,Y16,X,Y,10,16
2019_1196_1234,1196,1234,X10,Z10,X,Z,10,10
2019_1196_1235,1196,1235,X10,Y06,X,Y,10,6
2019_1196_1242,1196,1242,X10,Y04,X,Y,10,4
2019_1196_1243,1196,1243,X10,Z04,X,Z,10,4
2019_1196_1246,1196,1246,X10,Y02,X,Y,10,2
2019_1196_1251,1196,1251,X10,W12,X,W,10,12
2019_1196_1257,1196,1257,X10,W07,X,W,10,7
2019_1196_1261,1196,1261,X10,W03,X,W,10,3
2019_1196_1266,1196,1266,X10,X05,X,X,10,5
2019_1196_1268,1196,1268,X10,W06,X,W,10,6
2019_1196_1276,1196,1276,X10,X02,X,X,10,2
2019_1196_1277,1196,1277,X10,W02,X,W,10,2
2019_1196_1278,1196,1278,X10,W10,X,W,10,10
2019_1196_1279,1196,1279,X10,Z08,X,Z,10,8
2019_1196_1280,1196,1280,X10,W05,X,W,10,5
2019_1196_1285,1196,1285,X10,X15,X,X,10,15
2019_1196_1293,1196,1293,X10,X12,X,X,10,12
2019_1196_1295,1196,1295,X10,W16,X,W,10,16
2019_1196_1297,1196,1297,X10,X14,X,X,10,14
2019_1196_1300,1196,1300,X10,W16,X,W,10,16
2019_1196_1305,1196,1305,X10,X07,X,X,10,7
2019_1196_1308,1196,1308,X10,Y12,X,Y,10,12
2019_1196_1314,1196,1314,X10,Y01,X,Y,10,1
2019_1196_1318,1196,1318,X10,Y13,X,Y,10,13
2019_1196_1326,1196,1326,X10,Y11,X,Y,10,11
2019_1196_1328,1196,1328,X10,Z09,X,Z,10,9
2019_1196_1330,1196,1330,X10,Z14,X,Z,10,14
2019_1196_1332,1196,1332,X10,Z12,X,Z,10,12
2019_1196_1341,1196,1341,X10,X16,X,X,10,16
2019_1196_1345,1196,1345,X10,Z03,X,Z,10,3
2019_1196_1371,1196,1371,X10,Y10,X,Y,10,10
2019_1196_1385,1196,1385,X10,X11,X,X,10,11
2019_1196_1387,1196,1387,X10,W13,X,W,10,13
2019_1196_1388,1196,1388,X10,Z11,X,Z,10,11
2019_1196_1393,1196,1393,X10,X08,X,X,10,8
2019_1196_1396,1196,1396,X10,W11,X,W,10,11
2019_1196_1397,1196,1397,X10,Z02,X,Z,10,2
2019_1196_1403,1196,1403,X10,X03,X,X,10,3
2019_1196_1414,1196,1414,X10,Z13,X,Z,10,13
2019_1196_1416,1196,1416,X10,W09,X,W,10,9
2019_1196_1429,1196,1429,X10,Y08,X,Y,10,8
2019_1196_1433,1196,1433,X10,W08,X,W,10,8
2019_1196_1436,1196,1436,X10,X13,X,X,10,13
2019_1196_1437,1196,1437,X10,Z06,X,Z,10,6
2019_1196_1438,1196,1438,X10,Z01,X,Z,10,1
2019_1196_1439,1196,1439,X10,W04,X,W,10,4
2019_1196_1449,1196,1449,X10,Y09,X,Y,10,9
2019_1196_1458,1196,1458,X10,Z05,X,Z,10,5
2019_1196_1459,1196,1459,X10,Y07,X,Y,10,7
2019_1196_1463,1196,1463,X10,W14,X,W,10,14
2019_1199_1205,1199,1205,X04,Z16,X,Z,4,16
2019_1199_1209,1199,1209,X04,Y14,X,Y,4,14
2019_1199_1211,1199,1211,X04,X01,X,X,4,1
2019_1199_1222,1199,1222,X04,Y03,X,Y,4,3
2019_1199_1233,1199,1233,X04,Y16,X,Y,4,16
2019_1199_1234,1199,1234,X04,Z10,X,Z,4,10
2019_1199_1235,1199,1235,X04,Y06,X,Y,4,6
2019_1199_1242,1199,1242,X04,Y04,X,Y,4,4
2019_1199_1243,1199,1243,X04,Z04,X,Z,4,4
2019_1199_1246,1199,1246,X04,Y02,X,Y,4,2
2019_1199_1251,1199,1251,X04,W12,X,W,4,12
2019_1199_1257,1199,1257,X04,W07,X,W,4,7
2019_1199_1261,1199,1261,X04,W03,X,W,4,3
2019_1199_1266,1199,1266,X04,X05,X,X,4,5
2019_1199_1268,1199,1268,X04,W06,X,W,4,6
2019_1199_1276,1199,1276,X04,X02,X,X,4,2
2019_1199_1277,1199,1277,X04,W02,X,W,4,2
2019_1199_1278,1199,1278,X04,W10,X,W,4,10
2019_1199_1279,1199,1279,X04,Z08,X,Z,4,8
2019_1199_1280,1199,1280,X04,W05,X,W,4,5
2019_1199_1285,1199,1285,X04,X15,X,X,4,15
2019_1199_1293,1199,1293,X04,X12,X,X,4,12
2019_1199_1295,1199,1295,X04,W16,X,W,4,16
2019_1199_1297,1199,1297,X04,X14,X,X,4,14
2019_1199_1300,1199,1300,X04,W16,X,W,4,16
2019_1199_1305,1199,1305,X04,X07,X,X,4,7
2019_1199_1308,1199,1308,X04,Y12,X,Y,4,12
2019_1199_1314,1199,1314,X04,Y01,X,Y,4,1
2019_1199_1318,1199,1318,X04,Y13,X,Y,4,13
2019_1199_1326,1199,1326,X04,Y11,X,Y,4,11
2019_1199_1328,1199,1328,X04,Z09,X,Z,4,9
2019_1199_1330,1199,1330,X04,Z14,X,Z,4,14
2019_1199_1332,1199,1332,X04,Z12,X,Z,4,12
2019_1199_1341,1199,1341,X04,X16,X,X,4,16
2019_1199_1345,1199,1345,X04,Z03,X,Z,4,3
2019_1199_1371,1199,1371,X04,Y10,X,Y,4,10
2019_1199_1385,1199,1385,X04,X11,X,X,4,11
2019_1199_1387,1199,1387,X04,W13,X,W,4,13
2019_1199_1388,1199,1388,X04,Z11,X,Z,4,11
2019_1199_1393,1199,1393,X04,X08,X,X,4,8
2019_1199_1396,1199,1396,X04,W11,X,W,4,11
2019_1199_1397,1199,1397,X04,Z02,X,Z,4,2
2019_1199_1403,1199,1403,X04,X03,X,X,4,3
2019_1199_1414,1199,1414,X04,Z13,X,Z,4,13
2019_1199_1416,1199,1416,X04,W09,X,W,4,9
2019_1199_1429,1199,1429,X04,Y08,X,Y,4,8
2019_1199_1433,1199,1433,X04,W08,X,W,4,8
2019_1199_1436,1199,1436,X04,X13,X,X,4,13
2019_1199_1437,1199,1437,X04,Z06,X,Z,4,6
2019_1199_1438,1199,1438,X04,Z01,X,Z,4,1
2019_1199_1439,1199,1439,X04,W04,X,W,4,4
2019_1199_1449,1199,1449,X04,Y09,X,Y,4,9
2019_1199_1458,1199,1458,X04,Z05,X,Z,4,5
2019_1199_1459,1199,1459,X04,Y07,X,Y,4,7
2019_1199_1463,1199,1463,X04,W14,X,W,4,14
2019_1205_1209,1205,1209,Z16,Y14,Z,Y,16,14
2019_1205_1211,1205,1211,Z16,X01,Z,X,16,1
2019_1205_1222,1205,1222,Z16,Y03,Z,Y,16,3
2019_1205_1233,1205,1233,Z16,Y16,Z,Y,16,16
2019_1205_1234,1205,1234,Z16,Z10,Z,Z,16,10
2019_1205_1235,1205,1235,Z16,Y06,Z,Y,16,6
2019_1205_1242,1205,1242,Z16,Y04,Z,Y,16,4
2019_1205_1243,1205,1243,Z16,Z04,Z,Z,16,4
2019_1205_1246,1205,1246,Z16,Y02,Z,Y,16,2
2019_1205_1251,1205,1251,Z16,W12,Z,W,16,12
2019_1205_1257,1205,1257,Z16,W07,Z,W,16,7
2019_1205_1261,1205,1261,Z16,W03,Z,W,16,3
2019_1205_1266,1205,1266,Z16,X05,Z,X,16,5
2019_1205_1268,1205,1268,Z16,W06,Z,W,16,6
2019_1205_1276,1205,1276,Z16,X02,Z,X,16,2
2019_1205_1277,1205,1277,Z16,W02,Z,W,16,2
2019_1205_1278,1205,1278,Z16,W10,Z,W,16,10
2019_1205_1279,1205,1279,Z16,Z08,Z,Z,16,8
2019_1205_1280,1205,1280,Z16,W05,Z,W,16,5
2019_1205_1285,1205,1285,Z16,X15,Z,X,16,15
2019_1205_1293,1205,1293,Z16,X12,Z,X,16,12
2019_1205_1295,1205,1295,Z16,W16,Z,W,16,16
2019_1205_1297,1205,1297,Z16,X14,Z,X,16,14
2019_1205_1300,1205,1300,Z16,W16,Z,W,16,16
2019_1205_1305,1205,1305,Z16,X07,Z,X,16,7
2019_1205_1308,1205,1308,Z16,Y12,Z,Y,16,12
2019_1205_1314,1205,1314,Z16,Y01,Z,Y,16,1
2019_1205_1318,1205,1318,Z16,Y13,Z,Y,16,13
2019_1205_1326,1205,1326,Z16,Y11,Z,Y,16,11
2019_1205_1328,1205,1328,Z16,Z09,Z,Z,16,9
2019_1205_1330,1205,1330,Z16,Z14,Z,Z,16,14
2019_1205_1332,1205,1332,Z16,Z12,Z,Z,16,12
2019_1205_1341,1205,1341,Z16,X16,Z,X,16,16
2019_1205_1345,1205,1345,Z16,Z03,Z,Z,16,3
2019_1205_1371,1205,1371,Z16,Y10,Z,Y,16,10
2019_1205_1385,1205,1385,Z16,X11,Z,X,16,11
2019_1205_1387,1205,1387,Z16,W13,Z,W,16,13
2019_1205_1388,1205,1388,Z16,Z11,Z,Z,16,11
2019_1205_1393,1205,1393,Z16,X08,Z,X,16,8
2019_1205_1396,1205,1396,Z16,W11,Z,W,16,11
2019_1205_1397,1205,1397,Z16,Z02,Z,Z,16,2
2019_1205_1403,1205,1403,Z16,X03,Z,X,16,3
2019_1205_1414,1205,1414,Z16,Z13,Z,Z,16,13
2019_1205_1416,1205,1416,Z16,W09,Z,W,16,9
2019_1205_1429,1205,1429,Z16,Y08,Z,Y,16,8
2019_1205_1433,1205,1433,Z16,W08,Z,W,16,8
2019_1205_1436,1205,1436,Z16,X13,Z,X,16,13
2019_1205_1437,1205,1437,Z16,Z06,Z,Z,16,6
2019_1205_1438,1205,1438,Z16,Z01,Z,Z,16,1
2019_1205_1439,1205,1439,Z16,W04,Z,W,16,4
2019_1205_1449,1205,1449,Z16,Y09,Z,Y,16,9
2019_1205_1458,1205,1458,Z16,Z05,Z,Z,16,5
2019_1205_1459,1205,1459,Z16,Y07,Z,Y,16,7
2019_1205_1463,1205,1463,Z16,W14,Z,W,16,14
2019_1209_1211,1209,1211,Y14,X01,Y,X,14,1
2019_1209_1222,1209,1222,Y14,Y03,Y,Y,14,3
2019_1209_1233,1209,1233,Y14,Y16,Y,Y,14,16
2019_1209_1234,1209,1234,Y14,Z10,Y,Z,14,10
2019_1209_1235,1209,1235,Y14,Y06,Y,Y,14,6
2019_1209_1242,1209,1242,Y14,Y04,Y,Y,14,4
2019_1209_1243,1209,1243,Y14,Z04,Y,Z,14,4
2019_1209_1246,1209,1246,Y14,Y02,Y,Y,14,2
2019_1209_1251,1209,1251,Y14,W12,Y,W,14,12
2019_1209_1257,1209,1257,Y14,W07,Y,W,14,7
2019_1209_1261,1209,1261,Y14,W03,Y,W,14,3
2019_1209_1266,1209,1266,Y14,X05,Y,X,14,5
2019_1209_1268,1209,1268,Y14,W06,Y,W,14,6
2019_1209_1276,1209,1276,Y14,X02,Y,X,14,2
2019_1209_1277,1209,1277,Y14,W02,Y,W,14,2
2019_1209_1278,1209,1278,Y14,W10,Y,W,14,10
2019_1209_1279,1209,1279,Y14,Z08,Y,Z,14,8
2019_1209_1280,1209,1280,Y14,W05,Y,W,14,5
2019_1209_1285,1209,1285,Y14,X15,Y,X,14,15
2019_1209_1293,1209,1293,Y14,X12,Y,X,14,12
2019_1209_1295,1209,1295,Y14,W16,Y,W,14,16
2019_1209_1297,1209,1297,Y14,X14,Y,X,14,14
2019_1209_1300,1209,1300,Y14,W16,Y,W,14,16
2019_1209_1305,1209,1305,Y14,X07,Y,X,14,7
2019_1209_1308,1209,1308,Y14,Y12,Y,Y,14,12
2019_1209_1314,1209,1314,Y14,Y01,Y,Y,14,1
2019_1209_1318,1209,1318,Y14,Y13,Y,Y,14,13
2019_1209_1326,1209,1326,Y14,Y11,Y,Y,14,11
2019_1209_1328,1209,1328,Y14,Z09,Y,Z,14,9
2019_1209_1330,1209,1330,Y14,Z14,Y,Z,14,14
2019_1209_1332,1209,1332,Y14,Z12,Y,Z,14,12
2019_1209_1341,1209,1341,Y14,X16,Y,X,14,16
2019_1209_1345,1209,1345,Y14,Z03,Y,Z,14,3
2019_1209_1371,1209,1371,Y14,Y10,Y,Y,14,10
2019_1209_1385,1209,1385,Y14,X11,Y,X,14,11
2019_1209_1387,1209,1387,Y14,W13,Y,W,14,13
2019_1209_1388,1209,1388,Y14,Z11,Y,Z,14,11
2019_1209_1393,1209,1393,Y14,X08,Y,X,14,8
2019_1209_1396,1209,1396,Y14,W11,Y,W,14,11
2019_1209_1397,1209,1397,Y14,Z02,Y,Z,14,2
2019_1209_1403,1209,1403,Y14,X03,Y,X,14,3
2019_1209_1414,1209,1414,Y14,Z13,Y,Z,14,13
2019_1209_1416,1209,1416,Y14,W09,Y,W,14,9
2019_1209_1429,1209,1429,Y14,Y08,Y,Y,14,8
2019_1209_1433,1209,1433,Y14,W08,Y,W,14,8
2019_1209_1436,1209,1436,Y14,X13,Y,X,14,13
2019_1209_1437,1209,1437,Y14,Z06,Y,Z,14,6
2019_1209_1438,1209,1438,Y14,Z01,Y,Z,14,1
2019_1209_1439,1209,1439,Y14,W04,Y,W,14,4
2019_1209_1449,1209,1449,Y14,Y09,Y,Y,14,9
2019_1209_1458,1209,1458,Y14,Z05,Y,Z,14,5
2019_1209_1459,1209,1459,Y14,Y07,Y,Y,14,7
2019_1209_1463,1209,1463,Y14,W14,Y,W,14,14
2019_1211_1222,1211,1222,X01,Y03,X,Y,1,3
2019_1211_1233,1211,1233,X01,Y16,X,Y,1,16
2019_1211_1234,1211,1234,X01,Z10,X,Z,1,10
2019_1211_1235,1211,1235,X01,Y06,X,Y,1,6
2019_1211_1242,1211,1242,X01,Y04,X,Y,1,4
2019_1211_1243,1211,1243,X01,Z04,X,Z,1,4
2019_1211_1246,1211,1246,X01,Y02,X,Y,1,2
2019_1211_1251,1211,1251,X01,W12,X,W,1,12
2019_1211_1257,1211,1257,X01,W07,X,W,1,7
2019_1211_1261,1211,1261,X01,W03,X,W,1,3
2019_1211_1266,1211,1266,X01,X05,X,X,1,5
2019_1211_1268,1211,1268,X01,W06,X,W,1,6
2019_1211_1276,1211,1276,X01,X02,X,X,1,2
2019_1211_1277,1211,1277,X01,W02,X,W,1,2
2019_1211_1278,1211,1278,X01,W10,X,W,1,10
2019_1211_1279,1211,1279,X01,Z08,X,Z,1,8
2019_1211_1280,1211,1280,X01,W05,X,W,1,5
2019_1211_1285,1211,1285,X01,X15,X,X,1,15
2019_1211_1293,1211,1293,X01,X12,X,X,1,12
2019_1211_1295,1211,1295,X01,W16,X,W,1,16
2019_1211_1297,1211,1297,X01,X14,X,X,1,14
2019_1211_1300,1211,1300,X01,W16,X,W,1,16
2019_1211_1305,1211,1305,X01,X07,X,X,1,7
2019_1211_1308,1211,1308,X01,Y12,X,Y,1,12
2019_1211_1314,1211,1314,X01,Y01,X,Y,1,1
2019_1211_1318,1211,1318,X01,Y13,X,Y,1,13
2019_1211_1326,1211,1326,X01,Y11,X,Y,1,11
2019_1211_1328,1211,1328,X01,Z09,X,Z,1,9
2019_1211_1330,1211,1330,X01,Z14,X,Z,1,14
2019_1211_1332,1211,1332,X01,Z12,X,Z,1,12
2019_1211_1341,1211,1341,X01,X16,X,X,1,16
2019_1211_1345,1211,1345,X01,Z03,X,Z,1,3
2019_1211_1371,1211,1371,X01,Y10,X,Y,1,10
2019_1211_1385,1211,1385,X01,X11,X,X,1,11
2019_1211_1387,1211,1387,X01,W13,X,W,1,13
2019_1211_1388,1211,1388,X01,Z11,X,Z,1,11
2019_1211_1393,1211,1393,X01,X08,X,X,1,8
2019_1211_1396,1211,1396,X01,W11,X,W,1,11
2019_1211_1397,1211,1397,X01,Z02,X,Z,1,2
2019_1211_1403,1211,1403,X01,X03,X,X,1,3
2019_1211_1414,1211,1414,X01,Z13,X,Z,1,13
2019_1211_1416,1211,1416,X01,W09,X,W,1,9
2019_1211_1429,1211,1429,X01,Y08,X,Y,1,8
2019_1211_1433,1211,1433,X01,W08,X,W,1,8
2019_1211_1436,1211,1436,X01,X13,X,X,1,13
2019_1211_1437,1211,1437,X01,Z06,X,Z,1,6
2019_1211_1438,1211,1438,X01,Z01,X,Z,1,1
2019_1211_1439,1211,1439,X01,W04,X,W,1,4
2019_1211_1449,1211,1449,X01,Y09,X,Y,1,9
2019_1211_1458,1211,1458,X01,Z05,X,Z,1,5
2019_1211_1459,1211,1459,X01,Y07,X,Y,1,7
2019_1211_1463,1211,1463,X01,W14,X,W,1,14
2019_1222_1233,1222,1233,Y03,Y16,Y,Y,3,16
2019_1222_1234,1222,1234,Y03,Z10,Y,Z,3,10
2019_1222_1235,1222,1235,Y03,Y06,Y,Y,3,6
2019_1222_1242,1222,1242,Y03,Y04,Y,Y,3,4
2019_1222_1243,1222,1243,Y03,Z04,Y,Z,3,4
2019_1222_1246,1222,1246,Y03,Y02,Y,Y,3,2
2019_1222_1251,1222,1251,Y03,W12,Y,W,3,12
2019_1222_1257,1222,1257,Y03,W07,Y,W,3,7
2019_1222_1261,1222,1261,Y03,W03,Y,W,3,3
2019_1222_1266,1222,1266,Y03,X05,Y,X,3,5
2019_1222_1268,1222,1268,Y03,W06,Y,W,3,6
2019_1222_1276,1222,1276,Y03,X02,Y,X,3,2
2019_1222_1277,1222,1277,Y03,W02,Y,W,3,2
2019_1222_1278,1222,1278,Y03,W10,Y,W,3,10
2019_1222_1279,1222,1279,Y03,Z08,Y,Z,3,8
2019_1222_1280,1222,1280,Y03,W05,Y,W,3,5
2019_1222_1285,1222,1285,Y03,X15,Y,X,3,15
2019_1222_1293,1222,1293,Y03,X12,Y,X,3,12
2019_1222_1295,1222,1295,Y03,W16,Y,W,3,16
2019_1222_1297,1222,1297,Y03,X14,Y,X,3,14
2019_1222_1300,1222,1300,Y03,W16,Y,W,3,16
2019_1222_1305,1222,1305,Y03,X07,Y,X,3,7
2019_1222_1308,1222,1308,Y03,Y12,Y,Y,3,12
2019_1222_1314,1222,1314,Y03,Y01,Y,Y,3,1
2019_1222_1318,1222,1318,Y03,Y13,Y,Y,3,13
2019_1222_1326,1222,1326,Y03,Y11,Y,Y,3,11
2019_1222_1328,1222,1328,Y03,Z09,Y,Z,3,9
2019_1222_1330,1222,1330,Y03,Z14,Y,Z,3,14
2019_1222_1332,1222,1332,Y03,Z12,Y,Z,3,12
2019_1222_1341,1222,1341,Y03,X16,Y,X,3,16
2019_1222_1345,1222,1345,Y03,Z03,Y,Z,3,3
2019_1222_1371,1222,1371,Y03,Y10,Y,Y,3,10
2019_1222_1385,1222,1385,Y03,X11,Y,X,3,11
2019_1222_1387,1222,1387,Y03,W13,Y,W,3,13
2019_1222_1388,1222,1388,Y03,Z11,Y,Z,3,11
2019_1222_1393,1222,1393,Y03,X08,Y,X,3,8
2019_1222_1396,1222,1396,Y03,W11,Y,W,3,11
2019_1222_1397,1222,1397,Y03,Z02,Y,Z,3,2
2019_1222_1403,1222,1403,Y03,X03,Y,X,3,3
2019_1222_1414,1222,1414,Y03,Z13,Y,Z,3,13
2019_1222_1416,1222,1416,Y03,W09,Y,W,3,9
2019_1222_1429,1222,1429,Y03,Y08,Y,Y,3,8
2019_1222_1433,1222,1433,Y03,W08,Y,W,3,8
2019_1222_1436,1222,1436,Y03,X13,Y,X,3,13
2019_1222_1437,1222,1437,Y03,Z06,Y,Z,3,6
2019_1222_1438,1222,1438,Y03,Z01,Y,Z,3,1
2019_1222_1439,1222,1439,Y03,W04,Y,W,3,4
2019_1222_1449,1222,1449,Y03,Y09,Y,Y,3,9
2019_1222_1458,1222,1458,Y03,Z05,Y,Z,3,5
2019_1222_1459,1222,1459,Y03,Y07,Y,Y,3,7
2019_1222_1463,1222,1463,Y03,W14,Y,W,3,14
2019_1233_1234,1233,1234,Y16,Z10,Y,Z,16,10
2019_1233_1235,1233,1235,Y16,Y06,Y,Y,16,6
2019_1233_1242,1233,1242,Y16,Y04,Y,Y,16,4
2019_1233_1243,1233,1243,Y16,Z04,Y,Z,16,4
2019_1233_1246,1233,1246,Y16,Y02,Y,Y,16,2
2019_1233_1251,1233,1251,Y16,W12,Y,W,16,12
2019_1233_1257,1233,1257,Y16,W07,Y,W,16,7
2019_1233_1261,1233,1261,Y16,W03,Y,W,16,3
2019_1233_1266,1233,1266,Y16,X05,Y,X,16,5
2019_1233_1268,1233,1268,Y16,W06,Y,W,16,6
2019_1233_1276,1233,1276,Y16,X02,Y,X,16,2
2019_1233_1277,1233,1277,Y16,W02,Y,W,16,2
2019_1233_1278,1233,1278,Y16,W10,Y,W,16,10
2019_1233_1279,1233,1279,Y16,Z08,Y,Z,16,8
2019_1233_1280,1233,1280,Y16,W05,Y,W,16,5
2019_1233_1285,1233,1285,Y16,X15,Y,X,16,15
2019_1233_1293,1233,1293,Y16,X12,Y,X,16,12
2019_1233_1295,1233,1295,Y16,W16,Y,W,16,16
2019_1233_1297,1233,1297,Y16,X14,Y,X,16,14
2019_1233_1300,1233,1300,Y16,W16,Y,W,16,16
2019_1233_1305,1233,1305,Y16,X07,Y,X,16,7
2019_1233_1308,1233,1308,Y16,Y12,Y,Y,16,12
2019_1233_1314,1233,1314,Y16,Y01,Y,Y,16,1
2019_1233_1318,1233,1318,Y16,Y13,Y,Y,16,13
2019_1233_1326,1233,1326,Y16,Y11,Y,Y,16,11
2019_1233_1328,1233,1328,Y16,Z09,Y,Z,16,9
2019_1233_1330,1233,1330,Y16,Z14,Y,Z,16,14
2019_1233_1332,1233,1332,Y16,Z12,Y,Z,16,12
2019_1233_1341,1233,1341,Y16,X16,Y,X,16,16
2019_1233_1345,1233,1345,Y16,Z03,Y,Z,16,3
2019_1233_1371,1233,1371,Y16,Y10,Y,Y,16,10
2019_1233_1385,1233,1385,Y16,X11,Y,X,16,11
2019_1233_1387,1233,1387,Y16,W13,Y,W,16,13
2019_1233_1388,1233,1388,Y16,Z11,Y,Z,16,11
2019_1233_1393,1233,1393,Y16,X08,Y,X,16,8
2019_1233_1396,1233,1396,Y16,W11,Y,W,16,11
2019_1233_1397,1233,1397,Y16,Z02,Y,Z,16,2
2019_1233_1403,1233,1403,Y16,X03,Y,X,16,3
2019_1233_1414,1233,1414,Y16,Z13,Y,Z,16,13
2019_1233_1416,1233,1416,Y16,W09,Y,W,16,9
2019_1233_1429,1233,1429,Y16,Y08,Y,Y,16,8
2019_1233_1433,1233,1433,Y16,W08,Y,W,16,8
2019_1233_1436,1233,1436,Y16,X13,Y,X,16,13
2019_1233_1437,1233,1437,Y16,Z06,Y,Z,16,6
2019_1233_1438,1233,1438,Y16,Z01,Y,Z,16,1
2019_1233_1439,1233,1439,Y16,W04,Y,W,16,4
2019_1233_1449,1233,1449,Y16,Y09,Y,Y,16,9
2019_1233_1458,1233,1458,Y16,Z05,Y,Z,16,5
2019_1233_1459,1233,1459,Y16,Y07,Y,Y,16,7
2019_1233_1463,1233,1463,Y16,W14,Y,W,16,14
2019_1234_1235,1234,1235,Z10,Y06,Z,Y,10,6
2019_1234_1242,1234,1242,Z10,Y04,Z,Y,10,4
2019_1234_1243,1234,1243,Z10,Z04,Z,Z,10,4
2019_1234_1246,1234,1246,Z10,Y02,Z,Y,10,2
2019_1234_1251,1234,1251,Z10,W12,Z,W,10,12
2019_1234_1257,1234,1257,Z10,W07,Z,W,10,7
2019_1234_1261,1234,1261,Z10,W03,Z,W,10,3
2019_1234_1266,1234,1266,Z10,X05,Z,X,10,5
2019_1234_1268,1234,1268,Z10,W06,Z,W,10,6
2019_1234_1276,1234,1276,Z10,X02,Z,X,10,2
2019_1234_1277,1234,1277,Z10,W02,Z,W,10,2
2019_1234_1278,1234,1278,Z10,W10,Z,W,10,10
2019_1234_1279,1234,1279,Z10,Z08,Z,Z,10,8
2019_1234_1280,1234,1280,Z10,W05,Z,W,10,5
2019_1234_1285,1234,1285,Z10,X15,Z,X,10,15
2019_1234_1293,1234,1293,Z10,X12,Z,X,10,12
2019_1234_1295,1234,1295,Z10,W16,Z,W,10,16
2019_1234_1297,1234,1297,Z10,X14,Z,X,10,14
2019_1234_1300,1234,1300,Z10,W16,Z,W,10,16
2019_1234_1305,1234,1305,Z10,X07,Z,X,10,7
2019_1234_1308,1234,1308,Z10,Y12,Z,Y,10,12
2019_1234_1314,1234,1314,Z10,Y01,Z,Y,10,1
2019_1234_1318,1234,1318,Z10,Y13,Z,Y,10,13
2019_1234_1326,1234,1326,Z10,Y11,Z,Y,10,11
2019_1234_1328,1234,1328,Z10,Z09,Z,Z,10,9
2019_1234_1330,1234,1330,Z10,Z14,Z,Z,10,14
2019_1234_1332,1234,1332,Z10,Z12,Z,Z,10,12
2019_1234_1341,1234,1341,Z10,X16,Z,X,10,16
2019_1234_1345,1234,1345,Z10,Z03,Z,Z,10,3
2019_1234_1371,1234,1371,Z10,Y10,Z,Y,10,10
2019_1234_1385,1234,1385,Z10,X11,Z,X,10,11
2019_1234_1387,1234,1387,Z10,W13,Z,W,10,13
2019_1234_1388,1234,1388,Z10,Z11,Z,Z,10,11
2019_1234_1393,1234,1393,Z10,X08,Z,X,10,8
2019_1234_1396,1234,1396,Z10,W11,Z,W,10,11
2019_1234_1397,1234,1397,Z10,Z02,Z,Z,10,2
2019_1234_1403,1234,1403,Z10,X03,Z,X,10,3
2019_1234_1414,1234,1414,Z10,Z13,Z,Z,10,13
2019_1234_1416,1234,1416,Z10,W09,Z,W,10,9
2019_1234_1429,1234,1429,Z10,Y08,Z,Y,10,8
2019_1234_1433,1234,1433,Z10,W08,Z,W,10,8
2019_1234_1436,1234,1436,Z10,X13,Z,X,10,13
2019_1234_1437,1234,1437,Z10,Z06,Z,Z,10,6
2019_1234_1438,1234,1438,Z10,Z01,Z,Z,10,1
2019_1234_1439,1234,1439,Z10,W04,Z,W,10,4
2019_1234_1449,1234,1449,Z10,Y09,Z,Y,10,9
2019_1234_1458,1234,1458,Z10,Z05,Z,Z,10,5
2019_1234_1459,1234,1459,Z10,Y07,Z,Y,10,7
2019_1234_1463,1234,1463,Z10,W14,Z,W,10,14
2019_1235_1242,1235,1242,Y06,Y04,Y,Y,6,4
2019_1235_1243,1235,1243,Y06,Z04,Y,Z,6,4
2019_1235_1246,1235,1246,Y06,Y02,Y,Y,6,2
2019_1235_1251,1235,1251,Y06,W12,Y,W,6,12
2019_1235_1257,1235,1257,Y06,W07,Y,W,6,7
2019_1235_1261,1235,1261,Y06,W03,Y,W,6,3
2019_1235_1266,1235,1266,Y06,X05,Y,X,6,5
2019_1235_1268,1235,1268,Y06,W06,Y,W,6,6
2019_1235_1276,1235,1276,Y06,X02,Y,X,6,2
2019_1235_1277,1235,1277,Y06,W02,Y,W,6,2
2019_1235_1278,1235,1278,Y06,W10,Y,W,6,10
2019_1235_1279,1235,1279,Y06,Z08,Y,Z,6,8
2019_1235_1280,1235,1280,Y06,W05,Y,W,6,5
2019_1235_1285,1235,1285,Y06,X15,Y,X,6,15
2019_1235_1293,1235,1293,Y06,X12,Y,X,6,12
2019_1235_1295,1235,1295,Y06,W16,Y,W,6,16
2019_1235_1297,1235,1297,Y06,X14,Y,X,6,14
2019_1235_1300,1235,1300,Y06,W16,Y,W,6,16
2019_1235_1305,1235,1305,Y06,X07,Y,X,6,7
2019_1235_1308,1235,1308,Y06,Y12,Y,Y,6,12
2019_1235_1314,1235,1314,Y06,Y01,Y,Y,6,1
2019_1235_1318,1235,1318,Y06,Y13,Y,Y,6,13
2019_1235_1326,1235,1326,Y06,Y11,Y,Y,6,11
2019_1235_1328,1235,1328,Y06,Z09,Y,Z,6,9
2019_1235_1330,1235,1330,Y06,Z14,Y,Z,6,14
2019_1235_1332,1235,1332,Y06,Z12,Y,Z,6,12
2019_1235_1341,1235,1341,Y06,X16,Y,X,6,16
2019_1235_1345,1235,1345,Y06,Z03,Y,Z,6,3
2019_1235_1371,1235,1371,Y06,Y10,Y,Y,6,10
2019_1235_1385,1235,1385,Y06,X11,Y,X,6,11
2019_1235_1387,1235,1387,Y06,W13,Y,W,6,13
2019_1235_1388,1235,1388,Y06,Z11,Y,Z,6,11
2019_1235_1393,1235,1393,Y06,X08,Y,X,6,8
2019_1235_1396,1235,1396,Y06,W11,Y,W,6,11
2019_1235_1397,1235,1397,Y06,Z02,Y,Z,6,2
2019_1235_1403,1235,1403,Y06,X03,Y,X,6,3
2019_1235_1414,1235,1414,Y06,Z13,Y,Z,6,13
2019_1235_1416,1235,1416,Y06,W09,Y,W,6,9
2019_1235_1429,1235,1429,Y06,Y08,Y,Y,6,8
2019_1235_1433,1235,1433,Y06,W08,Y,W,6,8
2019_1235_1436,1235,1436,Y06,X13,Y,X,6,13
2019_1235_1437,1235,1437,Y06,Z06,Y,Z,6,6
2019_1235_1438,1235,1438,Y06,Z01,Y,Z,6,1
2019_1235_1439,1235,1439,Y06,W04,Y,W,6,4
2019_1235_1449,1235,1449,Y06,Y09,Y,Y,6,9
2019_1235_1458,1235,1458,Y06,Z05,Y,Z,6,5
2019_1235_1459,1235,1459,Y06,Y07,Y,Y,6,7
2019_1235_1463,1235,1463,Y06,W14,Y,W,6,14
2019_1242_1243,1242,1243,Y04,Z04,Y,Z,4,4
2019_1242_1246,1242,1246,Y04,Y02,Y,Y,4,2
2019_1242_1251,1242,1251,Y04,W12,Y,W,4,12
2019_1242_1257,1242,1257,Y04,W07,Y,W,4,7
2019_1242_1261,1242,1261,Y04,W03,Y,W,4,3
2019_1242_1266,1242,1266,Y04,X05,Y,X,4,5
2019_1242_1268,1242,1268,Y04,W06,Y,W,4,6
2019_1242_1276,1242,1276,Y04,X02,Y,X,4,2
2019_1242_1277,1242,1277,Y04,W02,Y,W,4,2
2019_1242_1278,1242,1278,Y04,W10,Y,W,4,10
2019_1242_1279,1242,1279,Y04,Z08,Y,Z,4,8
2019_1242_1280,1242,1280,Y04,W05,Y,W,4,5
2019_1242_1285,1242,1285,Y04,X15,Y,X,4,15
2019_1242_1293,1242,1293,Y04,X12,Y,X,4,12
2019_1242_1295,1242,1295,Y04,W16,Y,W,4,16
2019_1242_1297,1242,1297,Y04,X14,Y,X,4,14
2019_1242_1300,1242,1300,Y04,W16,Y,W,4,16
2019_1242_1305,1242,1305,Y04,X07,Y,X,4,7
2019_1242_1308,1242,1308,Y04,Y12,Y,Y,4,12
2019_1242_1314,1242,1314,Y04,Y01,Y,Y,4,1
2019_1242_1318,1242,1318,Y04,Y13,Y,Y,4,13
2019_1242_1326,1242,1326,Y04,Y11,Y,Y,4,11
2019_1242_1328,1242,1328,Y04,Z09,Y,Z,4,9
2019_1242_1330,1242,1330,Y04,Z14,Y,Z,4,14
2019_1242_1332,1242,1332,Y04,Z12,Y,Z,4,12
2019_1242_1341,1242,1341,Y04,X16,Y,X,4,16
2019_1242_1345,1242,1345,Y04,Z03,Y,Z,4,3
2019_1242_1371,1242,1371,Y04,Y10,Y,Y,4,10
2019_1242_1385,1242,1385,Y04,X11,Y,X,4,11
2019_1242_1387,1242,1387,Y04,W13,Y,W,4,13
2019_1242_1388,1242,1388,Y04,Z11,Y,Z,4,11
2019_1242_1393,1242,1393,Y04,X08,Y,X,4,8
2019_1242_1396,1242,1396,Y04,W11,Y,W,4,11
2019_1242_1397,1242,1397,Y04,Z02,Y,Z,4,2
2019_1242_1403,1242,1403,Y04,X03,Y,X,4,3
2019_1242_1414,1242,1414,Y04,Z13,Y,Z,4,13
2019_1242_1416,1242,1416,Y04,W09,Y,W,4,9
2019_1242_1429,1242,1429,Y04,Y08,Y,Y,4,8
2019_1242_1433,1242,1433,Y04,W08,Y,W,4,8
2019_1242_1436,1242,1436,Y04,X13,Y,X,4,13
2019_1242_1437,1242,1437,Y04,Z06,Y,Z,4,6
2019_1242_1438,1242,1438,Y04,Z01,Y,Z,4,1
2019_1242_1439,1242,1439,Y04,W04,Y,W,4,4
2019_1242_1449,1242,1449,Y04,Y09,Y,Y,4,9
2019_1242_1458,1242,1458,Y04,Z05,Y,Z,4,5
2019_1242_1459,1242,1459,Y04,Y07,Y,Y,4,7
2019_1242_1463,1242,1463,Y04,W14,Y,W,4,14
2019_1243_1246,1243,1246,Z04,Y02,Z,Y,4,2
2019_1243_1251,1243,1251,Z04,W12,Z,W,4,12
2019_1243_1257,1243,1257,Z04,W07,Z,W,4,7
2019_1243_1261,1243,1261,Z04,W03,Z,W,4,3
2019_1243_1266,1243,1266,Z04,X05,Z,X,4,5
2019_1243_1268,1243,1268,Z04,W06,Z,W,4,6
2019_1243_1276,1243,1276,Z04,X02,Z,X,4,2
2019_1243_1277,1243,1277,Z04,W02,Z,W,4,2
2019_1243_1278,1243,1278,Z04,W10,Z,W,4,10
2019_1243_1279,1243,1279,Z04,Z08,Z,Z,4,8
2019_1243_1280,1243,1280,Z04,W05,Z,W,4,5
2019_1243_1285,1243,1285,Z04,X15,Z,X,4,15
2019_1243_1293,1243,1293,Z04,X12,Z,X,4,12
2019_1243_1295,1243,1295,Z04,W16,Z,W,4,16
2019_1243_1297,1243,1297,Z04,X14,Z,X,4,14
2019_1243_1300,1243,1300,Z04,W16,Z,W,4,16
2019_1243_1305,1243,1305,Z04,X07,Z,X,4,7
2019_1243_1308,1243,1308,Z04,Y12,Z,Y,4,12
2019_1243_1314,1243,1314,Z04,Y01,Z,Y,4,1
2019_1243_1318,1243,1318,Z04,Y13,Z,Y,4,13
2019_1243_1326,1243,1326,Z04,Y11,Z,Y,4,11
2019_1243_1328,1243,1328,Z04,Z09,Z,Z,4,9
2019_1243_1330,1243,1330,Z04,Z14,Z,Z,4,14
2019_1243_1332,1243,1332,Z04,Z12,Z,Z,4,12
2019_1243_1341,1243,1341,Z04,X16,Z,X,4,16
2019_1243_1345,1243,1345,Z04,Z03,Z,Z,4,3
2019_1243_1371,1243,1371,Z04,Y10,Z,Y,4,10
2019_1243_1385,1243,1385,Z04,X11,Z,X,4,11
2019_1243_1387,1243,1387,Z04,W13,Z,W,4,13
2019_1243_1388,1243,1388,Z04,Z11,Z,Z,4,11
2019_1243_1393,1243,1393,Z04,X08,Z,X,4,8
2019_1243_1396,1243,1396,Z04,W11,Z,W,4,11
2019_1243_1397,1243,1397,Z04,Z02,Z,Z,4,2
2019_1243_1403,1243,1403,Z04,X03,Z,X,4,3
2019_1243_1414,1243,1414,Z04,Z13,Z,Z,4,13
2019_1243_1416,1243,1416,Z04,W09,Z,W,4,9
2019_1243_1429,1243,1429,Z04,Y08,Z,Y,4,8
2019_1243_1433,1243,1433,Z04,W08,Z,W,4,8
2019_1243_1436,1243,1436,Z04,X13,Z,X,4,13
2019_1243_1437,1243,1437,Z04,Z06,Z,Z,4,6
2019_1243_1438,1243,1438,Z04,Z01,Z,Z,4,1
2019_1243_1439,1243,1439,Z04,W04,Z,W,4,4
2019_1243_1449,1243,1449,Z04,Y09,Z,Y,4,9
2019_1243_1458,1243,1458,Z04,Z05,Z,Z,4,5
2019_1243_1459,1243,1459,Z04,Y07,Z,Y,4,7
2019_1243_1463,1243,1463,Z04,W14,Z,W,4,14
2019_1246_1251,1246,1251,Y02,W12,Y,W,2,12
2019_1246_1257,1246,1257,Y02,W07,Y,W,2,7
2019_1246_1261,1246,1261,Y02,W03,Y,W,2,3
2019_1246_1266,1246,1266,Y02,X05,Y,X,2,5
2019_1246_1268,1246,1268,Y02,W06,Y,W,2,6
2019_1246_1276,1246,1276,Y02,X02,Y,X,2,2
2019_1246_1277,1246,1277,Y02,W02,Y,W,2,2
2019_1246_1278,1246,1278,Y02,W10,Y,W,2,10
2019_1246_1279,1246,1279,Y02,Z08,Y,Z,2,8
2019_1246_1280,1246,1280,Y02,W05,Y,W,2,5
2019_1246_1285,1246,1285,Y02,X15,Y,X,2,15
2019_1246_1293,1246,1293,Y02,X12,Y,X,2,12
2019_1246_1295,1246,1295,Y02,W16,Y,W,2,16
2019_1246_1297,1246,1297,Y02,X14,Y,X,2,14
2019_1246_1300,1246,1300,Y02,W16,Y,W,2,16
2019_1246_1305,1246,1305,Y02,X07,Y,X,2,7
2019_1246_1308,1246,1308,Y02,Y12,Y,Y,2,12
2019_1246_1314,1246,1314,Y02,Y01,Y,Y,2,1
2019_1246_1318,1246,1318,Y02,Y13,Y,Y,2,13
2019_1246_1326,1246,1326,Y02,Y11,Y,Y,2,11
2019_1246_1328,1246,1328,Y02,Z09,Y,Z,2,9
2019_1246_1330,1246,1330,Y02,Z14,Y,Z,2,14
2019_1246_1332,1246,1332,Y02,Z12,Y,Z,2,12
2019_1246_1341,1246,1341,Y02,X16,Y,X,2,16
2019_1246_1345,1246,1345,Y02,Z03,Y,Z,2,3
2019_1246_1371,1246,1371,Y02,Y10,Y,Y,2,10
2019_1246_1385,1246,1385,Y02,X11,Y,X,2,11
2019_1246_1387,1246,1387,Y02,W13,Y,W,2,13
2019_1246_1388,1246,1388,Y02,Z11,Y,Z,2,11
2019_1246_1393,1246,1393,Y02,X08,Y,X,2,8
2019_1246_1396,1246,1396,Y02,W11,Y,W,2,11
2019_1246_1397,1246,1397,Y02,Z02,Y,Z,2,2
2019_1246_1403,1246,1403,Y02,X03,Y,X,2,3
2019_1246_1414,1246,1414,Y02,Z13,Y,Z,2,13
2019_1246_1416,1246,1416,Y02,W09,Y,W,2,9
2019_1246_1429,1246,1429,Y02,Y08,Y,Y,2,8
2019_1246_1433,1246,1433,Y02,W08,Y,W,2,8
2019_1246_1436,1246,1436,Y02,X13,Y,X,2,13
2019_1246_1437,1246,1437,Y02,Z06,Y,Z,2,6
2019_1246_1438,1246,1438,Y02,Z01,Y,Z,2,1
2019_1246_1439,1246,1439,Y02,W04,Y,W,2,4
2019_1246_1449,1246,1449,Y02,Y09,Y,Y,2,9
2019_1246_1458,1246,1458,Y02,Z05,Y,Z,2,5
2019_1246_1459,1246,1459,Y02,Y07,Y,Y,2,7
2019_1246_1463,1246,1463,Y02,W14,Y,W,2,14
2019_1251_1257,1251,1257,W12,W07,W,W,12,7
2019_1251_1261,1251,1261,W12,W03,W,W,12,3
2019_1251_1266,1251,1266,W12,X05,W,X,12,5
2019_1251_1268,1251,1268,W12,W06,W,W,12,6
2019_1251_1276,1251,1276,W12,X02,W,X,12,2
2019_1251_1277,1251,1277,W12,W02,W,W,12,2
2019_1251_1278,1251,1278,W12,W10,W,W,12,10
2019_1251_1279,1251,1279,W12,Z08,W,Z,12,8
2019_1251_1280,1251,1280,W12,W05,W,W,12,5
2019_1251_1285,1251,1285,W12,X15,W,X,12,15
2019_1251_1293,1251,1293,W12,X12,W,X,12,12
2019_1251_1295,1251,1295,W12,W16,W,W,12,16
2019_1251_1297,1251,1297,W12,X14,W,X,12,14
2019_1251_1300,1251,1300,W12,W16,W,W,12,16
2019_1251_1305,1251,1305,W12,X07,W,X,12,7
2019_1251_1308,1251,1308,W12,Y12,W,Y,12,12
2019_1251_1314,1251,1314,W12,Y01,W,Y,12,1
2019_1251_1318,1251,1318,W12,Y13,W,Y,12,13
2019_1251_1326,1251,1326,W12,Y11,W,Y,12,11
2019_1251_1328,1251,1328,W12,Z09,W,Z,12,9
2019_1251_1330,1251,1330,W12,Z14,W,Z,12,14
2019_1251_1332,1251,1332,W12,Z12,W,Z,12,12
2019_1251_1341,1251,1341,W12,X16,W,X,12,16
2019_1251_1345,1251,1345,W12,Z03,W,Z,12,3
2019_1251_1371,1251,1371,W12,Y10,W,Y,12,10
2019_1251_1385,1251,1385,W12,X11,W,X,12,11
2019_1251_1387,1251,1387,W12,W13,W,W,12,13
2019_1251_1388,1251,1388,W12,Z11,W,Z,12,11
2019_1251_1393,1251,1393,W12,X08,W,X,12,8
2019_1251_1396,1251,1396,W12,W11,W,W,12,11
2019_1251_1397,1251,1397,W12,Z02,W,Z,12,2
2019_1251_1403,1251,1403,W12,X03,W,X,12,3
2019_1251_1414,1251,1414,W12,Z13,W,Z,12,13
2019_1251_1416,1251,1416,W12,W09,W,W,12,9
2019_1251_1429,1251,1429,W12,Y08,W,Y,12,8
2019_1251_1433,1251,1433,W12,W08,W,W,12,8
2019_1251_1436,1251,1436,W12,X13,W,X,12,13
2019_1251_1437,1251,1437,W12,Z06,W,Z,12,6
2019_1251_1438,1251,1438,W12,Z01,W,Z,12,1
2019_1251_1439,1251,1439,W12,W04,W,W,12,4
2019_1251_1449,1251,1449,W12,Y09,W,Y,12,9
2019_1251_1458,1251,1458,W12,Z05,W,Z,12,5
2019_1251_1459,1251,1459,W12,Y07,W,Y,12,7
2019_1251_1463,1251,1463,W12,W14,W,W,12,14
2019_1257_1261,1257,1261,W07,W03,W,W,7,3
2019_1257_1266,1257,1266,W07,X05,W,X,7,5
2019_1257_1268,1257,1268,W07,W06,W,W,7,6
2019_1257_1276,1257,1276,W07,X02,W,X,7,2
2019_1257_1277,1257,1277,W07,W02,W,W,7,2
2019_1257_1278,1257,1278,W07,W10,W,W,7,10
2019_1257_1279,1257,1279,W07,Z08,W,Z,7,8
2019_1257_1280,1257,1280,W07,W05,W,W,7,5
2019_1257_1285,1257,1285,W07,X15,W,X,7,15
2019_1257_1293,1257,1293,W07,X12,W,X,7,12
2019_1257_1295,1257,1295,W07,W16,W,W,7,16
2019_1257_1297,1257,1297,W07,X14,W,X,7,14
2019_1257_1300,1257,1300,W07,W16,W,W,7,16
2019_1257_1305,1257,1305,W07,X07,W,X,7,7
2019_1257_1308,1257,1308,W07,Y12,W,Y,7,12
2019_1257_1314,1257,1314,W07,Y01,W,Y,7,1
2019_1257_1318,1257,1318,W07,Y13,W,Y,7,13
2019_1257_1326,1257,1326,W07,Y11,W,Y,7,11
2019_1257_1328,1257,1328,W07,Z09,W,Z,7,9
2019_1257_1330,1257,1330,W07,Z14,W,Z,7,14
2019_1257_1332,1257,1332,W07,Z12,W,Z,7,12
2019_1257_1341,1257,1341,W07,X16,W,X,7,16
2019_1257_1345,1257,1345,W07,Z03,W,Z,7,3
2019_1257_1371,1257,1371,W07,Y10,W,Y,7,10
2019_1257_1385,1257,1385,W07,X11,W,X,7,11
2019_1257_1387,1257,1387,W07,W13,W,W,7,13
2019_1257_1388,1257,1388,W07,Z11,W,Z,7,11
2019_1257_1393,1257,1393,W07,X08,W,X,7,8
2019_1257_1396,1257,1396,W07,W11,W,W,7,11
2019_1257_1397,1257,1397,W07,Z02,W,Z,7,2
2019_1257_1403,1257,1403,W07,X03,W,X,7,3
2019_1257_1414,1257,1414,W07,Z13,W,Z,7,13
2019_1257_1416,1257,1416,W07,W09,W,W,7,9
2019_1257_1429,1257,1429,W07,Y08,W,Y,7,8
2019_1257_1433,1257,1433,W07,W08,W,W,7,8
2019_1257_1436,1257,1436,W07,X13,W,X,7,13
2019_1257_1437,1257,1437,W07,Z06,W,Z,7,6
2019_1257_1438,1257,1438,W07,Z01,W,Z,7,1
2019_1257_1439,1257,1439,W07,W04,W,W,7,4
2019_1257_1449,1257,1449,W07,Y09,W,Y,7,9
2019_1257_1458,1257,1458,W07,Z05,W,Z,7,5
2019_1257_1459,1257,1459,W07,Y07,W,Y,7,7
2019_1257_1463,1257,1463,W07,W14,W,W,7,14
2019_1261_1266,1261,1266,W03,X05,W,X,3,5
2019_1261_1268,1261,1268,W03,W06,W,W,3,6
2019_1261_1276,1261,1276,W03,X02,W,X,3,2
2019_1261_1277,1261,1277,W03,W02,W,W,3,2
2019_1261_1278,1261,1278,W03,W10,W,W,3,10
2019_1261_1279,1261,1279,W03,Z08,W,Z,3,8
2019_1261_1280,1261,1280,W03,W05,W,W,3,5
2019_1261_1285,1261,1285,W03,X15,W,X,3,15
2019_1261_1293,1261,1293,W03,X12,W,X,3,12
2019_1261_1295,1261,1295,W03,W16,W,W,3,16
2019_1261_1297,1261,1297,W03,X14,W,X,3,14
2019_1261_1300,1261,1300,W03,W16,W,W,3,16
2019_1261_1305,1261,1305,W03,X07,W,X,3,7
2019_1261_1308,1261,1308,W03,Y12,W,Y,3,12
2019_1261_1314,1261,1314,W03,Y01,W,Y,3,1
2019_1261_1318,1261,1318,W03,Y13,W,Y,3,13
2019_1261_1326,1261,1326,W03,Y11,W,Y,3,11
2019_1261_1328,1261,1328,W03,Z09,W,Z,3,9
2019_1261_1330,1261,1330,W03,Z14,W,Z,3,14
2019_1261_1332,1261,1332,W03,Z12,W,Z,3,12
2019_1261_1341,1261,1341,W03,X16,W,X,3,16
2019_1261_1345,1261,1345,W03,Z03,W,Z,3,3
2019_1261_1371,1261,1371,W03,Y10,W,Y,3,10
2019_1261_1385,1261,1385,W03,X11,W,X,3,11
2019_1261_1387,1261,1387,W03,W13,W,W,3,13
2019_1261_1388,1261,1388,W03,Z11,W,Z,3,11
2019_1261_1393,1261,1393,W03,X08,W,X,3,8
2019_1261_1396,1261,1396,W03,W11,W,W,3,11
2019_1261_1397,1261,1397,W03,Z02,W,Z,3,2
2019_1261_1403,1261,1403,W03,X03,W,X,3,3
2019_1261_1414,1261,1414,W03,Z13,W,Z,3,13
2019_1261_1416,1261,1416,W03,W09,W,W,3,9
2019_1261_1429,1261,1429,W03,Y08,W,Y,3,8
2019_1261_1433,1261,1433,W03,W08,W,W,3,8
2019_1261_1436,1261,1436,W03,X13,W,X,3,13
2019_1261_1437,1261,1437,W03,Z06,W,Z,3,6
2019_1261_1438,1261,1438,W03,Z01,W,Z,3,1
2019_1261_1439,1261,1439,W03,W04,W,W,3,4
2019_1261_1449,1261,1449,W03,Y09,W,Y,3,9
2019_1261_1458,1261,1458,W03,Z05,W,Z,3,5
2019_1261_1459,1261,1459,W03,Y07,W,Y,3,7
2019_1261_1463,1261,1463,W03,W14,W,W,3,14
2019_1266_1268,1266,1268,X05,W06,X,W,5,6
2019_1266_1276,1266,1276,X05,X02,X,X,5,2
2019_1266_1277,1266,1277,X05,W02,X,W,5,2
2019_1266_1278,1266,1278,X05,W10,X,W,5,10
2019_1266_1279,1266,1279,X05,Z08,X,Z,5,8
2019_1266_1280,1266,1280,X05,W05,X,W,5,5
2019_1266_1285,1266,1285,X05,X15,X,X,5,15
2019_1266_1293,1266,1293,X05,X12,X,X,5,12
2019_1266_1295,1266,1295,X05,W16,X,W,5,16
2019_1266_1297,1266,1297,X05,X14,X,X,5,14
2019_1266_1300,1266,1300,X05,W16,X,W,5,16
2019_1266_1305,1266,1305,X05,X07,X,X,5,7
2019_1266_1308,1266,1308,X05,Y12,X,Y,5,12
2019_1266_1314,1266,1314,X05,Y01,X,Y,5,1
2019_1266_1318,1266,1318,X05,Y13,X,Y,5,13
2019_1266_1326,1266,1326,X05,Y11,X,Y,5,11
2019_1266_1328,1266,1328,X05,Z09,X,Z,5,9
2019_1266_1330,1266,1330,X05,Z14,X,Z,5,14
2019_1266_1332,1266,1332,X05,Z12,X,Z,5,12
2019_1266_1341,1266,1341,X05,X16,X,X,5,16
2019_1266_1345,1266,1345,X05,Z03,X,Z,5,3
2019_1266_1371,1266,1371,X05,Y10,X,Y,5,10
2019_1266_1385,1266,1385,X05,X11,X,X,5,11
2019_1266_1387,1266,1387,X05,W13,X,W,5,13
2019_1266_1388,1266,1388,X05,Z11,X,Z,5,11
2019_1266_1393,1266,1393,X05,X08,X,X,5,8
2019_1266_1396,1266,1396,X05,W11,X,W,5,11
2019_1266_1397,1266,1397,X05,Z02,X,Z,5,2
2019_1266_1403,1266,1403,X05,X03,X,X,5,3
2019_1266_1414,1266,1414,X05,Z13,X,Z,5,13
2019_1266_1416,1266,1416,X05,W09,X,W,5,9
2019_1266_1429,1266,1429,X05,Y08,X,Y,5,8
2019_1266_1433,1266,1433,X05,W08,X,W,5,8
2019_1266_1436,1266,1436,X05,X13,X,X,5,13
2019_1266_1437,1266,1437,X05,Z06,X,Z,5,6
2019_1266_1438,1266,1438,X05,Z01,X,Z,5,1
2019_1266_1439,1266,1439,X05,W04,X,W,5,4
2019_1266_1449,1266,1449,X05,Y09,X,Y,5,9
2019_1266_1458,1266,1458,X05,Z05,X,Z,5,5
2019_1266_1459,1266,1459,X05,Y07,X,Y,5,7
2019_1266_1463,1266,1463,X05,W14,X,W,5,14
2019_1268_1276,1268,1276,W06,X02,W,X,6,2
2019_1268_1277,1268,1277,W06,W02,W,W,6,2
2019_1268_1278,1268,1278,W06,W10,W,W,6,10
2019_1268_1279,1268,1279,W06,Z08,W,Z,6,8
2019_1268_1280,1268,1280,W06,W05,W,W,6,5
2019_1268_1285,1268,1285,W06,X15,W,X,6,15
2019_1268_1293,1268,1293,W06,X12,W,X,6,12
2019_1268_1295,1268,1295,W06,W16,W,W,6,16
2019_1268_1297,1268,1297,W06,X14,W,X,6,14
2019_1268_1300,1268,1300,W06,W16,W,W,6,16
2019_1268_1305,1268,1305,W06,X07,W,X,6,7
2019_1268_1308,1268,1308,W06,Y12,W,Y,6,12
2019_1268_1314,1268,1314,W06,Y01,W,Y,6,1
2019_1268_1318,1268,1318,W06,Y13,W,Y,6,13
2019_1268_1326,1268,1326,W06,Y11,W,Y,6,11
2019_1268_1328,1268,1328,W06,Z09,W,Z,6,9
2019_1268_1330,1268,1330,W06,Z14,W,Z,6,14
2019_1268_1332,1268,1332,W06,Z12,W,Z,6,12
2019_1268_1341,1268,1341,W06,X16,W,X,6,16
2019_1268_1345,1268,1345,W06,Z03,W,Z,6,3
2019_1268_1371,1268,1371,W06,Y10,W,Y,6,10
2019_1268_1385,1268,1385,W06,X11,W,X,6,11
2019_1268_1387,1268,1387,W06,W13,W,W,6,13
2019_1268_1388,1268,1388,W06,Z11,W,Z,6,11
2019_1268_1393,1268,1393,W06,X08,W,X,6,8
2019_1268_1396,1268,1396,W06,W11,W,W,6,11
2019_1268_1397,1268,1397,W06,Z02,W,Z,6,2
2019_1268_1403,1268,1403,W06,X03,W,X,6,3
2019_1268_1414,1268,1414,W06,Z13,W,Z,6,13
2019_1268_1416,1268,1416,W06,W09,W,W,6,9
2019_1268_1429,1268,1429,W06,Y08,W,Y,6,8
2019_1268_1433,1268,1433,W06,W08,W,W,6,8
2019_1268_1436,1268,1436,W06,X13,W,X,6,13
2019_1268_1437,1268,1437,W06,Z06,W,Z,6,6
2019_1268_1438,1268,1438,W06,Z01,W,Z,6,1
2019_1268_1439,1268,1439,W06,W04,W,W,6,4
2019_1268_1449,1268,1449,W06,Y09,W,Y,6,9
2019_1268_1458,1268,1458,W06,Z05,W,Z,6,5
2019_1268_1459,1268,1459,W06,Y07,W,Y,6,7
2019_1268_1463,1268,1463,W06,W14,W,W,6,14
2019_1276_1277,1276,1277,X02,W02,X,W,2,2
2019_1276_1278,1276,1278,X02,W10,X,W,2,10
2019_1276_1279,1276,1279,X02,Z08,X,Z,2,8
2019_1276_1280,1276,1280,X02,W05,X,W,2,5
2019_1276_1285,1276,1285,X02,X15,X,X,2,15
2019_1276_1293,1276,1293,X02,X12,X,X,2,12
2019_1276_1295,1276,1295,X02,W16,X,W,2,16
2019_1276_1297,1276,1297,X02,X14,X,X,2,14
2019_1276_1300,1276,1300,X02,W16,X,W,2,16
2019_1276_1305,1276,1305,X02,X07,X,X,2,7
2019_1276_1308,1276,1308,X02,Y12,X,Y,2,12
2019_1276_1314,1276,1314,X02,Y01,X,Y,2,1
2019_1276_1318,1276,1318,X02,Y13,X,Y,2,13
2019_1276_1326,1276,1326,X02,Y11,X,Y,2,11
2019_1276_1328,1276,1328,X02,Z09,X,Z,2,9
2019_1276_1330,1276,1330,X02,Z14,X,Z,2,14
2019_1276_1332,1276,1332,X02,Z12,X,Z,2,12
2019_1276_1341,1276,1341,X02,X16,X,X,2,16
2019_1276_1345,1276,1345,X02,Z03,X,Z,2,3
2019_1276_1371,1276,1371,X02,Y10,X,Y,2,10
2019_1276_1385,1276,1385,X02,X11,X,X,2,11
2019_1276_1387,1276,1387,X02,W13,X,W,2,13
2019_1276_1388,1276,1388,X02,Z11,X,Z,2,11
2019_1276_1393,1276,1393,X02,X08,X,X,2,8
2019_1276_1396,1276,1396,X02,W11,X,W,2,11
2019_1276_1397,1276,1397,X02,Z02,X,Z,2,2
2019_1276_1403,1276,1403,X02,X03,X,X,2,3
2019_1276_1414,1276,1414,X02,Z13,X,Z,2,13
2019_1276_1416,1276,1416,X02,W09,X,W,2,9
2019_1276_1429,1276,1429,X02,Y08,X,Y,2,8
2019_1276_1433,1276,1433,X02,W08,X,W,2,8
2019_1276_1436,1276,1436,X02,X13,X,X,2,13
2019_1276_1437,1276,1437,X02,Z06,X,Z,2,6
2019_1276_1438,1276,1438,X02,Z01,X,Z,2,1
2019_1276_1439,1276,1439,X02,W04,X,W,2,4
2019_1276_1449,1276,1449,X02,Y09,X,Y,2,9
2019_1276_1458,1276,1458,X02,Z05,X,Z,2,5
2019_1276_1459,1276,1459,X02,Y07,X,Y,2,7
2019_1276_1463,1276,1463,X02,W14,X,W,2,14
2019_1277_1278,1277,1278,W02,W10,W,W,2,10
2019_1277_1279,1277,1279,W02,Z08,W,Z,2,8
2019_1277_1280,1277,1280,W02,W05,W,W,2,5
2019_1277_1285,1277,1285,W02,X15,W,X,2,15
2019_1277_1293,1277,1293,W02,X12,W,X,2,12
2019_1277_1295,1277,1295,W02,W16,W,W,2,16
2019_1277_1297,1277,1297,W02,X14,W,X,2,14
2019_1277_1300,1277,1300,W02,W16,W,W,2,16
2019_1277_1305,1277,1305,W02,X07,W,X,2,7
2019_1277_1308,1277,1308,W02,Y12,W,Y,2,12
2019_1277_1314,1277,1314,W02,Y01,W,Y,2,1
2019_1277_1318,1277,1318,W02,Y13,W,Y,2,13
2019_1277_1326,1277,1326,W02,Y11,W,Y,2,11
2019_1277_1328,1277,1328,W02,Z09,W,Z,2,9
2019_1277_1330,1277,1330,W02,Z14,W,Z,2,14
2019_1277_1332,1277,1332,W02,Z12,W,Z,2,12
2019_1277_1341,1277,1341,W02,X16,W,X,2,16
2019_1277_1345,1277,1345,W02,Z03,W,Z,2,3
2019_1277_1371,1277,1371,W02,Y10,W,Y,2,10
2019_1277_1385,1277,1385,W02,X11,W,X,2,11
2019_1277_1387,1277,1387,W02,W13,W,W,2,13
2019_1277_1388,1277,1388,W02,Z11,W,Z,2,11
2019_1277_1393,1277,1393,W02,X08,W,X,2,8
2019_1277_1396,1277,1396,W02,W11,W,W,2,11
2019_1277_1397,1277,1397,W02,Z02,W,Z,2,2
2019_1277_1403,1277,1403,W02,X03,W,X,2,3
2019_1277_1414,1277,1414,W02,Z13,W,Z,2,13
2019_1277_1416,1277,1416,W02,W09,W,W,2,9
2019_1277_1429,1277,1429,W02,Y08,W,Y,2,8
2019_1277_1433,1277,1433,W02,W08,W,W,2,8
2019_1277_1436,1277,1436,W02,X13,W,X,2,13
2019_1277_1437,1277,1437,W02,Z06,W,Z,2,6
2019_1277_1438,1277,1438,W02,Z01,W,Z,2,1
2019_1277_1439,1277,1439,W02,W04,W,W,2,4
2019_1277_1449,1277,1449,W02,Y09,W,Y,2,9
2019_1277_1458,1277,1458,W02,Z05,W,Z,2,5
2019_1277_1459,1277,1459,W02,Y07,W,Y,2,7
2019_1277_1463,1277,1463,W02,W14,W,W,2,14
2019_1278_1279,1278,1279,W10,Z08,W,Z,10,8
2019_1278_1280,1278,1280,W10,W05,W,W,10,5
2019_1278_1285,1278,1285,W10,X15,W,X,10,15
2019_1278_1293,1278,1293,W10,X12,W,X,10,12
2019_1278_1295,1278,1295,W10,W16,W,W,10,16
2019_1278_1297,1278,1297,W10,X14,W,X,10,14
2019_1278_1300,1278,1300,W10,W16,W,W,10,16
2019_1278_1305,1278,1305,W10,X07,W,X,10,7
2019_1278_1308,1278,1308,W10,Y12,W,Y,10,12
2019_1278_1314,1278,1314,W10,Y01,W,Y,10,1
2019_1278_1318,1278,1318,W10,Y13,W,Y,10,13
2019_1278_1326,1278,1326,W10,Y11,W,Y,10,11
2019_1278_1328,1278,1328,W10,Z09,W,Z,10,9
2019_1278_1330,1278,1330,W10,Z14,W,Z,10,14
2019_1278_1332,1278,1332,W10,Z12,W,Z,10,12
2019_1278_1341,1278,1341,W10,X16,W,X,10,16
2019_1278_1345,1278,1345,W10,Z03,W,Z,10,3
2019_1278_1371,1278,1371,W10,Y10,W,Y,10,10
2019_1278_1385,1278,1385,W10,X11,W,X,10,11
2019_1278_1387,1278,1387,W10,W13,W,W,10,13
2019_1278_1388,1278,1388,W10,Z11,W,Z,10,11
2019_1278_1393,1278,1393,W10,X08,W,X,10,8
2019_1278_1396,1278,1396,W10,W11,W,W,10,11
2019_1278_1397,1278,1397,W10,Z02,W,Z,10,2
2019_1278_1403,1278,1403,W10,X03,W,X,10,3
2019_1278_1414,1278,1414,W10,Z13,W,Z,10,13
2019_1278_1416,1278,1416,W10,W09,W,W,10,9
2019_1278_1429,1278,1429,W10,Y08,W,Y,10,8
2019_1278_1433,1278,1433,W10,W08,W,W,10,8
2019_1278_1436,1278,1436,W10,X13,W,X,10,13
2019_1278_1437,1278,1437,W10,Z06,W,Z,10,6
2019_1278_1438,1278,1438,W10,Z01,W,Z,10,1
2019_1278_1439,1278,1439,W10,W04,W,W,10,4
2019_1278_1449,1278,1449,W10,Y09,W,Y,10,9
2019_1278_1458,1278,1458,W10,Z05,W,Z,10,5
2019_1278_1459,1278,1459,W10,Y07,W,Y,10,7
2019_1278_1463,1278,1463,W10,W14,W,W,10,14
2019_1279_1280,1279,1280,Z08,W05,Z,W,8,5
2019_1279_1285,1279,1285,Z08,X15,Z,X,8,15
2019_1279_1293,1279,1293,Z08,X12,Z,X,8,12
2019_1279_1295,1279,1295,Z08,W16,Z,W,8,16
2019_1279_1297,1279,1297,Z08,X14,Z,X,8,14
2019_1279_1300,1279,1300,Z08,W16,Z,W,8,16
2019_1279_1305,1279,1305,Z08,X07,Z,X,8,7
2019_1279_1308,1279,1308,Z08,Y12,Z,Y,8,12
2019_1279_1314,1279,1314,Z08,Y01,Z,Y,8,1
2019_1279_1318,1279,1318,Z08,Y13,Z,Y,8,13
2019_1279_1326,1279,1326,Z08,Y11,Z,Y,8,11
2019_1279_1328,1279,1328,Z08,Z09,Z,Z,8,9
2019_1279_1330,1279,1330,Z08,Z14,Z,Z,8,14
2019_1279_1332,1279,1332,Z08,Z12,Z,Z,8,12
2019_1279_1341,1279,1341,Z08,X16,Z,X,8,16
2019_1279_1345,1279,1345,Z08,Z03,Z,Z,8,3
2019_1279_1371,1279,1371,Z08,Y10,Z,Y,8,10
2019_1279_1385,1279,1385,Z08,X11,Z,X,8,11
2019_1279_1387,1279,1387,Z08,W13,Z,W,8,13
2019_1279_1388,1279,1388,Z08,Z11,Z,Z,8,11
2019_1279_1393,1279,1393,Z08,X08,Z,X,8,8
2019_1279_1396,1279,1396,Z08,W11,Z,W,8,11
2019_1279_1397,1279,1397,Z08,Z02,Z,Z,8,2
2019_1279_1403,1279,1403,Z08,X03,Z,X,8,3
2019_1279_1414,1279,1414,Z08,Z13,Z,Z,8,13
2019_1279_1416,1279,1416,Z08,W09,Z,W,8,9
2019_1279_1429,1279,1429,Z08,Y08,Z,Y,8,8
2019_1279_1433,1279,1433,Z08,W08,Z,W,8,8
2019_1279_1436,1279,1436,Z08,X13,Z,X,8,13
2019_1279_1437,1279,1437,Z08,Z06,Z,Z,8,6
2019_1279_1438,1279,1438,Z08,Z01,Z,Z,8,1
2019_1279_1439,1279,1439,Z08,W04,Z,W,8,4
2019_1279_1449,1279,1449,Z08,Y09,Z,Y,8,9
2019_1279_1458,1279,1458,Z08,Z05,Z,Z,8,5
2019_1279_1459,1279,1459,Z08,Y07,Z,Y,8,7
2019_1279_1463,1279,1463,Z08,W14,Z,W,8,14
2019_1280_1285,1280,1285,W05,X15,W,X,5,15
2019_1280_1293,1280,1293,W05,X12,W,X,5,12
2019_1280_1295,1280,1295,W05,W16,W,W,5,16
2019_1280_1297,1280,1297,W05,X14,W,X,5,14
2019_1280_1300,1280,1300,W05,W16,W,W,5,16
2019_1280_1305,1280,1305,W05,X07,W,X,5,7
2019_1280_1308,1280,1308,W05,Y12,W,Y,5,12
2019_1280_1314,1280,1314,W05,Y01,W,Y,5,1
2019_1280_1318,1280,1318,W05,Y13,W,Y,5,13
2019_1280_1326,1280,1326,W05,Y11,W,Y,5,11
2019_1280_1328,1280,1328,W05,Z09,W,Z,5,9
2019_1280_1330,1280,1330,W05,Z14,W,Z,5,14
2019_1280_1332,1280,1332,W05,Z12,W,Z,5,12
2019_1280_1341,1280,1341,W05,X16,W,X,5,16
2019_1280_1345,1280,1345,W05,Z03,W,Z,5,3
2019_1280_1371,1280,1371,W05,Y10,W,Y,5,10
2019_1280_1385,1280,1385,W05,X11,W,X,5,11
2019_1280_1387,1280,1387,W05,W13,W,W,5,13
2019_1280_1388,1280,1388,W05,Z11,W,Z,5,11
2019_1280_1393,1280,1393,W05,X08,W,X,5,8
2019_1280_1396,1280,1396,W05,W11,W,W,5,11
2019_1280_1397,1280,1397,W05,Z02,W,Z,5,2
2019_1280_1403,1280,1403,W05,X03,W,X,5,3
2019_1280_1414,1280,1414,W05,Z13,W,Z,5,13
2019_1280_1416,1280,1416,W05,W09,W,W,5,9
2019_1280_1429,1280,1429,W05,Y08,W,Y,5,8
2019_1280_1433,1280,1433,W05,W08,W,W,5,8
2019_1280_1436,1280,1436,W05,X13,W,X,5,13
2019_1280_1437,1280,1437,W05,Z06,W,Z,5,6
2019_1280_1438,1280,1438,W05,Z01,W,Z,5,1
2019_1280_1439,1280,1439,W05,W04,W,W,5,4
2019_1280_1449,1280,1449,W05,Y09,W,Y,5,9
2019_1280_1458,1280,1458,W05,Z05,W,Z,5,5
2019_1280_1459,1280,1459,W05,Y07,W,Y,5,7
2019_1280_1463,1280,1463,W05,W14,W,W,5,14
2019_1285_1293,1285,1293,X15,X12,X,X,15,12
2019_1285_1295,1285,1295,X15,W16,X,W,15,16
2019_1285_1297,1285,1297,X15,X14,X,X,15,14
2019_1285_1300,1285,1300,X15,W16,X,W,15,16
2019_1285_1305,1285,1305,X15,X07,X,X,15,7
2019_1285_1308,1285,1308,X15,Y12,X,Y,15,12
2019_1285_1314,1285,1314,X15,Y01,X,Y,15,1
2019_1285_1318,1285,1318,X15,Y13,X,Y,15,13
2019_1285_1326,1285,1326,X15,Y11,X,Y,15,11
2019_1285_1328,1285,1328,X15,Z09,X,Z,15,9
2019_1285_1330,1285,1330,X15,Z14,X,Z,15,14
2019_1285_1332,1285,1332,X15,Z12,X,Z,15,12
2019_1285_1341,1285,1341,X15,X16,X,X,15,16
2019_1285_1345,1285,1345,X15,Z03,X,Z,15,3
2019_1285_1371,1285,1371,X15,Y10,X,Y,15,10
2019_1285_1385,1285,1385,X15,X11,X,X,15,11
2019_1285_1387,1285,1387,X15,W13,X,W,15,13
2019_1285_1388,1285,1388,X15,Z11,X,Z,15,11
2019_1285_1393,1285,1393,X15,X08,X,X,15,8
2019_1285_1396,1285,1396,X15,W11,X,W,15,11
2019_1285_1397,1285,1397,X15,Z02,X,Z,15,2
2019_1285_1403,1285,1403,X15,X03,X,X,15,3
2019_1285_1414,1285,1414,X15,Z13,X,Z,15,13
2019_1285_1416,1285,1416,X15,W09,X,W,15,9
2019_1285_1429,1285,1429,X15,Y08,X,Y,15,8
2019_1285_1433,1285,1433,X15,W08,X,W,15,8
2019_1285_1436,1285,1436,X15,X13,X,X,15,13
2019_1285_1437,1285,1437,X15,Z06,X,Z,15,6
2019_1285_1438,1285,1438,X15,Z01,X,Z,15,1
2019_1285_1439,1285,1439,X15,W04,X,W,15,4
2019_1285_1449,1285,1449,X15,Y09,X,Y,15,9
2019_1285_1458,1285,1458,X15,Z05,X,Z,15,5
2019_1285_1459,1285,1459,X15,Y07,X,Y,15,7
2019_1285_1463,1285,1463,X15,W14,X,W,15,14
2019_1293_1295,1293,1295,X12,W16,X,W,12,16
2019_1293_1297,1293,1297,X12,X14,X,X,12,14
2019_1293_1300,1293,1300,X12,W16,X,W,12,16
2019_1293_1305,1293,1305,X12,X07,X,X,12,7
2019_1293_1308,1293,1308,X12,Y12,X,Y,12,12
2019_1293_1314,1293,1314,X12,Y01,X,Y,12,1
2019_1293_1318,1293,1318,X12,Y13,X,Y,12,13
2019_1293_1326,1293,1326,X12,Y11,X,Y,12,11
2019_1293_1328,1293,1328,X12,Z09,X,Z,12,9
2019_1293_1330,1293,1330,X12,Z14,X,Z,12,14
2019_1293_1332,1293,1332,X12,Z12,X,Z,12,12
2019_1293_1341,1293,1341,X12,X16,X,X,12,16
2019_1293_1345,1293,1345,X12,Z03,X,Z,12,3
2019_1293_1371,1293,1371,X12,Y10,X,Y,12,10
2019_1293_1385,1293,1385,X12,X11,X,X,12,11
2019_1293_1387,1293,1387,X12,W13,X,W,12,13
2019_1293_1388,1293,1388,X12,Z11,X,Z,12,11
2019_1293_1393,1293,1393,X12,X08,X,X,12,8
2019_1293_1396,1293,1396,X12,W11,X,W,12,11
2019_1293_1397,1293,1397,X12,Z02,X,Z,12,2
2019_1293_1403,1293,1403,X12,X03,X,X,12,3
2019_1293_1414,1293,1414,X12,Z13,X,Z,12,13
2019_1293_1416,1293,1416,X12,W09,X,W,12,9
2019_1293_1429,1293,1429,X12,Y08,X,Y,12,8
2019_1293_1433,1293,1433,X12,W08,X,W,12,8
2019_1293_1436,1293,1436,X12,X13,X,X,12,13
2019_1293_1437,1293,1437,X12,Z06,X,Z,12,6
2019_1293_1438,1293,1438,X12,Z01,X,Z,12,1
2019_1293_1439,1293,1439,X12,W04,X,W,12,4
2019_1293_1449,1293,1449,X12,Y09,X,Y,12,9
2019_1293_1458,1293,1458,X12,Z05,X,Z,12,5
2019_1293_1459,1293,1459,X12,Y07,X,Y,12,7
2019_1293_1463,1293,1463,X12,W14,X,W,12,14
2019_1295_1297,1295,1297,W16,X14,W,X,16,14
2019_1295_1300,1295,1300,W16,W16,W,W,16,16
2019_1295_1305,1295,1305,W16,X07,W,X,16,7
2019_1295_1308,1295,1308,W16,Y12,W,Y,16,12
2019_1295_1314,1295,1314,W16,Y01,W,Y,16,1
2019_1295_1318,1295,1318,W16,Y13,W,Y,16,13
2019_1295_1326,1295,1326,W16,Y11,W,Y,16,11
2019_1295_1328,1295,1328,W16,Z09,W,Z,16,9
2019_1295_1330,1295,1330,W16,Z14,W,Z,16,14
2019_1295_1332,1295,1332,W16,Z12,W,Z,16,12
2019_1295_1341,1295,1341,W16,X16,W,X,16,16
2019_1295_1345,1295,1345,W16,Z03,W,Z,16,3
2019_1295_1371,1295,1371,W16,Y10,W,Y,16,10
2019_1295_1385,1295,1385,W16,X11,W,X,16,11
2019_1295_1387,1295,1387,W16,W13,W,W,16,13
2019_1295_1388,1295,1388,W16,Z11,W,Z,16,11
2019_1295_1393,1295,1393,W16,X08,W,X,16,8
2019_1295_1396,1295,1396,W16,W11,W,W,16,11
2019_1295_1397,1295,1397,W16,Z02,W,Z,16,2
2019_1295_1403,1295,1403,W16,X03,W,X,16,3
2019_1295_1414,1295,1414,W16,Z13,W,Z,16,13
2019_1295_1416,1295,1416,W16,W09,W,W,16,9
2019_1295_1429,1295,1429,W16,Y08,W,Y,16,8
2019_1295_1433,1295,1433,W16,W08,W,W,16,8
2019_1295_1436,1295,1436,W16,X13,W,X,16,13
2019_1295_1437,1295,1437,W16,Z06,W,Z,16,6
2019_1295_1438,1295,1438,W16,Z01,W,Z,16,1
2019_1295_1439,1295,1439,W16,W04,W,W,16,4
2019_1295_1449,1295,1449,W16,Y09,W,Y,16,9
2019_1295_1458,1295,1458,W16,Z05,W,Z,16,5
2019_1295_1459,1295,1459,W16,Y07,W,Y,16,7
2019_1295_1463,1295,1463,W16,W14,W,W,16,14
2019_1297_1300,1297,1300,X14,W16,X,W,14,16
2019_1297_1305,1297,1305,X14,X07,X,X,14,7
2019_1297_1308,1297,1308,X14,Y12,X,Y,14,12
2019_1297_1314,1297,1314,X14,Y01,X,Y,14,1
2019_1297_1318,1297,1318,X14,Y13,X,Y,14,13
2019_1297_1326,1297,1326,X14,Y11,X,Y,14,11
2019_1297_1328,1297,1328,X14,Z09,X,Z,14,9
2019_1297_1330,1297,1330,X14,Z14,X,Z,14,14
2019_1297_1332,1297,1332,X14,Z12,X,Z,14,12
2019_1297_1341,1297,1341,X14,X16,X,X,14,16
2019_1297_1345,1297,1345,X14,Z03,X,Z,14,3
2019_1297_1371,1297,1371,X14,Y10,X,Y,14,10
2019_1297_1385,1297,1385,X14,X11,X,X,14,11
2019_1297_1387,1297,1387,X14,W13,X,W,14,13
2019_1297_1388,1297,1388,X14,Z11,X,Z,14,11
2019_1297_1393,1297,1393,X14,X08,X,X,14,8
2019_1297_1396,1297,1396,X14,W11,X,W,14,11
2019_1297_1397,1297,1397,X14,Z02,X,Z,14,2
2019_1297_1403,1297,1403,X14,X03,X,X,14,3
2019_1297_1414,1297,1414,X14,Z13,X,Z,14,13
2019_1297_1416,1297,1416,X14,W09,X,W,14,9
2019_1297_1429,1297,1429,X14,Y08,X,Y,14,8
2019_1297_1433,1297,1433,X14,W08,X,W,14,8
2019_1297_1436,1297,1436,X14,X13,X,X,14,13
2019_1297_1437,1297,1437,X14,Z06,X,Z,14,6
2019_1297_1438,1297,1438,X14,Z01,X,Z,14,1
2019_1297_1439,1297,1439,X14,W04,X,W,14,4
2019_1297_1449,1297,1449,X14,Y09,X,Y,14,9
2019_1297_1458,1297,1458,X14,Z05,X,Z,14,5
2019_1297_1459,1297,1459,X14,Y07,X,Y,14,7
2019_1297_1463,1297,1463,X14,W14,X,W,14,14
2019_1300_1305,1300,1305,W16,X07,W,X,16,7
2019_1300_1308,1300,1308,W16,Y12,W,Y,16,12
2019_1300_1314,1300,1314,W16,Y01,W,Y,16,1
2019_1300_1318,1300,1318,W16,Y13,W,Y,16,13
2019_1300_1326,1300,1326,W16,Y11,W,Y,16,11
2019_1300_1328,1300,1328,W16,Z09,W,Z,16,9
2019_1300_1330,1300,1330,W16,Z14,W,Z,16,14
2019_1300_1332,1300,1332,W16,Z12,W,Z,16,12
2019_1300_1341,1300,1341,W16,X16,W,X,16,16
2019_1300_1345,1300,1345,W16,Z03,W,Z,16,3
2019_1300_1371,1300,1371,W16,Y10,W,Y,16,10
2019_1300_1385,1300,1385,W16,X11,W,X,16,11
2019_1300_1387,1300,1387,W16,W13,W,W,16,13
2019_1300_1388,1300,1388,W16,Z11,W,Z,16,11
2019_1300_1393,1300,1393,W16,X08,W,X,16,8
2019_1300_1396,1300,1396,W16,W11,W,W,16,11
2019_1300_1397,1300,1397,W16,Z02,W,Z,16,2
2019_1300_1403,1300,1403,W16,X03,W,X,16,3
2019_1300_1414,1300,1414,W16,Z13,W,Z,16,13
2019_1300_1416,1300,1416,W16,W09,W,W,16,9
2019_1300_1429,1300,1429,W16,Y08,W,Y,16,8
2019_1300_1433,1300,1433,W16,W08,W,W,16,8
2019_1300_1436,1300,1436,W16,X13,W,X,16,13
2019_1300_1437,1300,1437,W16,Z06,W,Z,16,6
2019_1300_1438,1300,1438,W16,Z01,W,Z,16,1
2019_1300_1439,1300,1439,W16,W04,W,W,16,4
2019_1300_1449,1300,1449,W16,Y09,W,Y,16,9
2019_1300_1458,1300,1458,W16,Z05,W,Z,16,5
2019_1300_1459,1300,1459,W16,Y07,W,Y,16,7
2019_1300_1463,1300,1463,W16,W14,W,W,16,14
2019_1305_1308,1305,1308,X07,Y12,X,Y,7,12
2019_1305_1314,1305,1314,X07,Y01,X,Y,7,1
2019_1305_1318,1305,1318,X07,Y13,X,Y,7,13
2019_1305_1326,1305,1326,X07,Y11,X,Y,7,11
2019_1305_1328,1305,1328,X07,Z09,X,Z,7,9
2019_1305_1330,1305,1330,X07,Z14,X,Z,7,14
2019_1305_1332,1305,1332,X07,Z12,X,Z,7,12
2019_1305_1341,1305,1341,X07,X16,X,X,7,16
2019_1305_1345,1305,1345,X07,Z03,X,Z,7,3
2019_1305_1371,1305,1371,X07,Y10,X,Y,7,10
2019_1305_1385,1305,1385,X07,X11,X,X,7,11
2019_1305_1387,1305,1387,X07,W13,X,W,7,13
2019_1305_1388,1305,1388,X07,Z11,X,Z,7,11
2019_1305_1393,1305,1393,X07,X08,X,X,7,8
2019_1305_1396,1305,1396,X07,W11,X,W,7,11
2019_1305_1397,1305,1397,X07,Z02,X,Z,7,2
2019_1305_1403,1305,1403,X07,X03,X,X,7,3
2019_1305_1414,1305,1414,X07,Z13,X,Z,7,13
2019_1305_1416,1305,1416,X07,W09,X,W,7,9
2019_1305_1429,1305,1429,X07,Y08,X,Y,7,8
2019_1305_1433,1305,1433,X07,W08,X,W,7,8
2019_1305_1436,1305,1436,X07,X13,X,X,7,13
2019_1305_1437,1305,1437,X07,Z06,X,Z,7,6
2019_1305_1438,1305,1438,X07,Z01,X,Z,7,1
2019_1305_1439,1305,1439,X07,W04,X,W,7,4
2019_1305_1449,1305,1449,X07,Y09,X,Y,7,9
2019_1305_1458,1305,1458,X07,Z05,X,Z,7,5
2019_1305_1459,1305,1459,X07,Y07,X,Y,7,7
2019_1305_1463,1305,1463,X07,W14,X,W,7,14
2019_1308_1314,1308,1314,Y12,Y01,Y,Y,12,1
2019_1308_1318,1308,1318,Y12,Y13,Y,Y,12,13
2019_1308_1326,1308,1326,Y12,Y11,Y,Y,12,11
2019_1308_1328,1308,1328,Y12,Z09,Y,Z,12,9
2019_1308_1330,1308,1330,Y12,Z14,Y,Z,12,14
2019_1308_1332,1308,1332,Y12,Z12,Y,Z,12,12
2019_1308_1341,1308,1341,Y12,X16,Y,X,12,16
2019_1308_1345,1308,1345,Y12,Z03,Y,Z,12,3
2019_1308_1371,1308,1371,Y12,Y10,Y,Y,12,10
2019_1308_1385,1308,1385,Y12,X11,Y,X,12,11
2019_1308_1387,1308,1387,Y12,W13,Y,W,12,13
2019_1308_1388,1308,1388,Y12,Z11,Y,Z,12,11
2019_1308_1393,1308,1393,Y12,X08,Y,X,12,8
2019_1308_1396,1308,1396,Y12,W11,Y,W,12,11
2019_1308_1397,1308,1397,Y12,Z02,Y,Z,12,2
2019_1308_1403,1308,1403,Y12,X03,Y,X,12,3
2019_1308_1414,1308,1414,Y12,Z13,Y,Z,12,13
2019_1308_1416,1308,1416,Y12,W09,Y,W,12,9
2019_1308_1429,1308,1429,Y12,Y08,Y,Y,12,8
2019_1308_1433,1308,1433,Y12,W08,Y,W,12,8
2019_1308_1436,1308,1436,Y12,X13,Y,X,12,13
2019_1308_1437,1308,1437,Y12,Z06,Y,Z,12,6
2019_1308_1438,1308,1438,Y12,Z01,Y,Z,12,1
2019_1308_1439,1308,1439,Y12,W04,Y,W,12,4
2019_1308_1449,1308,1449,Y12,Y09,Y,Y,12,9
2019_1308_1458,1308,1458,Y12,Z05,Y,Z,12,5
2019_1308_1459,1308,1459,Y12,Y07,Y,Y,12,7
2019_1308_1463,1308,1463,Y12,W14,Y,W,12,14
2019_1314_1318,1314,1318,Y01,Y13,Y,Y,1,13
2019_1314_1326,1314,1326,Y01,Y11,Y,Y,1,11
2019_1314_1328,1314,1328,Y01,Z09,Y,Z,1,9
2019_1314_1330,1314,1330,Y01,Z14,Y,Z,1,14
2019_1314_1332,1314,1332,Y01,Z12,Y,Z,1,12
2019_1314_1341,1314,1341,Y01,X16,Y,X,1,16
2019_1314_1345,1314,1345,Y01,Z03,Y,Z,1,3
2019_1314_1371,1314,1371,Y01,Y10,Y,Y,1,10
2019_1314_1385,1314,1385,Y01,X11,Y,X,1,11
2019_1314_1387,1314,1387,Y01,W13,Y,W,1,13
2019_1314_1388,1314,1388,Y01,Z11,Y,Z,1,11
2019_1314_1393,1314,1393,Y01,X08,Y,X,1,8
2019_1314_1396,1314,1396,Y01,W11,Y,W,1,11
2019_1314_1397,1314,1397,Y01,Z02,Y,Z,1,2
2019_1314_1403,1314,1403,Y01,X03,Y,X,1,3
2019_1314_1414,1314,1414,Y01,Z13,Y,Z,1,13
2019_1314_1416,1314,1416,Y01,W09,Y,W,1,9
2019_1314_1429,1314,1429,Y01,Y08,Y,Y,1,8
2019_1314_1433,1314,1433,Y01,W08,Y,W,1,8
2019_1314_1436,1314,1436,Y01,X13,Y,X,1,13
2019_1314_1437,1314,1437,Y01,Z06,Y,Z,1,6
2019_1314_1438,1314,1438,Y01,Z01,Y,Z,1,1
2019_1314_1439,1314,1439,Y01,W04,Y,W,1,4
2019_1314_1449,1314,1449,Y01,Y09,Y,Y,1,9
2019_1314_1458,1314,1458,Y01,Z05,Y,Z,1,5
2019_1314_1459,1314,1459,Y01,Y07,Y,Y,1,7
2019_1314_1463,1314,1463,Y01,W14,Y,W,1,14
2019_1318_1326,1318,1326,Y13,Y11,Y,Y,13,11
2019_1318_1328,1318,1328,Y13,Z09,Y,Z,13,9
2019_1318_1330,1318,1330,Y13,Z14,Y,Z,13,14
2019_1318_1332,1318,1332,Y13,Z12,Y,Z,13,12
2019_1318_1341,1318,1341,Y13,X16,Y,X,13,16
2019_1318_1345,1318,1345,Y13,Z03,Y,Z,13,3
2019_1318_1371,1318,1371,Y13,Y10,Y,Y,13,10
2019_1318_1385,1318,1385,Y13,X11,Y,X,13,11
2019_1318_1387,1318,1387,Y13,W13,Y,W,13,13
2019_1318_1388,1318,1388,Y13,Z11,Y,Z,13,11
2019_1318_1393,1318,1393,Y13,X08,Y,X,13,8
2019_1318_1396,1318,1396,Y13,W11,Y,W,13,11
2019_1318_1397,1318,1397,Y13,Z02,Y,Z,13,2
2019_1318_1403,1318,1403,Y13,X03,Y,X,13,3
2019_1318_1414,1318,1414,Y13,Z13,Y,Z,13,13
2019_1318_1416,1318,1416,Y13,W09,Y,W,13,9
2019_1318_1429,1318,1429,Y13,Y08,Y,Y,13,8
2019_1318_1433,1318,1433,Y13,W08,Y,W,13,8
2019_1318_1436,1318,1436,Y13,X13,Y,X,13,13
2019_1318_1437,1318,1437,Y13,Z06,Y,Z,13,6
2019_1318_1438,1318,1438,Y13,Z01,Y,Z,13,1
2019_1318_1439,1318,1439,Y13,W04,Y,W,13,4
2019_1318_1449,1318,1449,Y13,Y09,Y,Y,13,9
2019_1318_1458,1318,1458,Y13,Z05,Y,Z,13,5
2019_1318_1459,1318,1459,Y13,Y07,Y,Y,13,7
2019_1318_1463,1318,1463,Y13,W14,Y,W,13,14
2019_1326_1328,1326,1328,Y11,Z09,Y,Z,11,9
2019_1326_1330,1326,1330,Y11,Z14,Y,Z,11,14
2019_1326_1332,1326,1332,Y11,Z12,Y,Z,11,12
2019_1326_1341,1326,1341,Y11,X16,Y,X,11,16
2019_1326_1345,1326,1345,Y11,Z03,Y,Z,11,3
2019_1326_1371,1326,1371,Y11,Y10,Y,Y,11,10
2019_1326_1385,1326,1385,Y11,X11,Y,X,11,11
2019_1326_1387,1326,1387,Y11,W13,Y,W,11,13
2019_1326_1388,1326,1388,Y11,Z11,Y,Z,11,11
2019_1326_1393,1326,1393,Y11,X08,Y,X,11,8
2019_1326_1396,1326,1396,Y11,W11,Y,W,11,11
2019_1326_1397,1326,1397,Y11,Z02,Y,Z,11,2
2019_1326_1403,1326,1403,Y11,X03,Y,X,11,3
2019_1326_1414,1326,1414,Y11,Z13,Y,Z,11,13
2019_1326_1416,1326,1416,Y11,W09,Y,W,11,9
2019_1326_1429,1326,1429,Y11,Y08,Y,Y,11,8
2019_1326_1433,1326,1433,Y11,W08,Y,W,11,8
2019_1326_1436,1326,1436,Y11,X13,Y,X,11,13
2019_1326_1437,1326,1437,Y11,Z06,Y,Z,11,6
2019_1326_1438,1326,1438,Y11,Z01,Y,Z,11,1
2019_1326_1439,1326,1439,Y11,W04,Y,W,11,4
2019_1326_1449,1326,1449,Y11,Y09,Y,Y,11,9
2019_1326_1458,1326,1458,Y11,Z05,Y,Z,11,5
2019_1326_1459,1326,1459,Y11,Y07,Y,Y,11,7
2019_1326_1463,1326,1463,Y11,W14,Y,W,11,14
2019_1328_1330,1328,1330,Z09,Z14,Z,Z,9,14
2019_1328_1332,1328,1332,Z09,Z12,Z,Z,9,12
2019_1328_1341,1328,1341,Z09,X16,Z,X,9,16
2019_1328_1345,1328,1345,Z09,Z03,Z,Z,9,3
2019_1328_1371,1328,1371,Z09,Y10,Z,Y,9,10
2019_1328_1385,1328,1385,Z09,X11,Z,X,9,11
2019_1328_1387,1328,1387,Z09,W13,Z,W,9,13
2019_1328_1388,1328,1388,Z09,Z11,Z,Z,9,11
2019_1328_1393,1328,1393,Z09,X08,Z,X,9,8
2019_1328_1396,1328,1396,Z09,W11,Z,W,9,11
2019_1328_1397,1328,1397,Z09,Z02,Z,Z,9,2
2019_1328_1403,1328,1403,Z09,X03,Z,X,9,3
2019_1328_1414,1328,1414,Z09,Z13,Z,Z,9,13
2019_1328_1416,1328,1416,Z09,W09,Z,W,9,9
2019_1328_1429,1328,1429,Z09,Y08,Z,Y,9,8
2019_1328_1433,1328,1433,Z09,W08,Z,W,9,8
2019_1328_1436,1328,1436,Z09,X13,Z,X,9,13
2019_1328_1437,1328,1437,Z09,Z06,Z,Z,9,6
2019_1328_1438,1328,1438,Z09,Z01,Z,Z,9,1
2019_1328_1439,1328,1439,Z09,W04,Z,W,9,4
2019_1328_1449,1328,1449,Z09,Y09,Z,Y,9,9
2019_1328_1458,1328,1458,Z09,Z05,Z,Z,9,5
2019_1328_1459,1328,1459,Z09,Y07,Z,Y,9,7
2019_1328_1463,1328,1463,Z09,W14,Z,W,9,14
2019_1330_1332,1330,1332,Z14,Z12,Z,Z,14,12
2019_1330_1341,1330,1341,Z14,X16,Z,X,14,16
2019_1330_1345,1330,1345,Z14,Z03,Z,Z,14,3
2019_1330_1371,1330,1371,Z14,Y10,Z,Y,14,10
2019_1330_1385,1330,1385,Z14,X11,Z,X,14,11
2019_1330_1387,1330,1387,Z14,W13,Z,W,14,13
2019_1330_1388,1330,1388,Z14,Z11,Z,Z,14,11
2019_1330_1393,1330,1393,Z14,X08,Z,X,14,8
2019_1330_1396,1330,1396,Z14,W11,Z,W,14,11
2019_1330_1397,1330,1397,Z14,Z02,Z,Z,14,2
2019_1330_1403,1330,1403,Z14,X03,Z,X,14,3
2019_1330_1414,1330,1414,Z14,Z13,Z,Z,14,13
2019_1330_1416,1330,1416,Z14,W09,Z,W,14,9
2019_1330_1429,1330,1429,Z14,Y08,Z,Y,14,8
2019_1330_1433,1330,1433,Z14,W08,Z,W,14,8
2019_1330_1436,1330,1436,Z14,X13,Z,X,14,13
2019_1330_1437,1330,1437,Z14,Z06,Z,Z,14,6
2019_1330_1438,1330,1438,Z14,Z01,Z,Z,14,1
2019_1330_1439,1330,1439,Z14,W04,Z,W,14,4
2019_1330_1449,1330,1449,Z14,Y09,Z,Y,14,9
2019_1330_1458,1330,1458,Z14,Z05,Z,Z,14,5
2019_1330_1459,1330,1459,Z14,Y07,Z,Y,14,7
2019_1330_1463,1330,1463,Z14,W14,Z,W,14,14
2019_1332_1341,1332,1341,Z12,X16,Z,X,12,16
2019_1332_1345,1332,1345,Z12,Z03,Z,Z,12,3
2019_1332_1371,1332,1371,Z12,Y10,Z,Y,12,10
2019_1332_1385,1332,1385,Z12,X11,Z,X,12,11
2019_1332_1387,1332,1387,Z12,W13,Z,W,12,13
2019_1332_1388,1332,1388,Z12,Z11,Z,Z,12,11
2019_1332_1393,1332,1393,Z12,X08,Z,X,12,8
2019_1332_1396,1332,1396,Z12,W11,Z,W,12,11
2019_1332_1397,1332,1397,Z12,Z02,Z,Z,12,2
2019_1332_1403,1332,1403,Z12,X03,Z,X,12,3
2019_1332_1414,1332,1414,Z12,Z13,Z,Z,12,13
2019_1332_1416,1332,1416,Z12,W09,Z,W,12,9
2019_1332_1429,1332,1429,Z12,Y08,Z,Y,12,8
2019_1332_1433,1332,1433,Z12,W08,Z,W,12,8
2019_1332_1436,1332,1436,Z12,X13,Z,X,12,13
2019_1332_1437,1332,1437,Z12,Z06,Z,Z,12,6
2019_1332_1438,1332,1438,Z12,Z01,Z,Z,12,1
2019_1332_1439,1332,1439,Z12,W04,Z,W,12,4
2019_1332_1449,1332,1449,Z12,Y09,Z,Y,12,9
2019_1332_1458,1332,1458,Z12,Z05,Z,Z,12,5
2019_1332_1459,1332,1459,Z12,Y07,Z,Y,12,7
2019_1332_1463,1332,1463,Z12,W14,Z,W,12,14
2019_1341_1345,1341,1345,X16,Z03,X,Z,16,3
2019_1341_1371,1341,1371,X16,Y10,X,Y,16,10
2019_1341_1385,1341,1385,X16,X11,X,X,16,11
2019_1341_1387,1341,1387,X16,W13,X,W,16,13
2019_1341_1388,1341,1388,X16,Z11,X,Z,16,11
2019_1341_1393,1341,1393,X16,X08,X,X,16,8
2019_1341_1396,1341,1396,X16,W11,X,W,16,11
2019_1341_1397,1341,1397,X16,Z02,X,Z,16,2
2019_1341_1403,1341,1403,X16,X03,X,X,16,3
2019_1341_1414,1341,1414,X16,Z13,X,Z,16,13
2019_1341_1416,1341,1416,X16,W09,X,W,16,9
2019_1341_1429,1341,1429,X16,Y08,X,Y,16,8
2019_1341_1433,1341,1433,X16,W08,X,W,16,8
2019_1341_1436,1341,1436,X16,X13,X,X,16,13
2019_1341_1437,1341,1437,X16,Z06,X,Z,16,6
2019_1341_1438,1341,1438,X16,Z01,X,Z,16,1
2019_1341_1439,1341,1439,X16,W04,X,W,16,4
2019_1341_1449,1341,1449,X16,Y09,X,Y,16,9
2019_1341_1458,1341,1458,X16,Z05,X,Z,16,5
2019_1341_1459,1341,1459,X16,Y07,X,Y,16,7
2019_1341_1463,1341,1463,X16,W14,X,W,16,14
2019_1345_1371,1345,1371,Z03,Y10,Z,Y,3,10
2019_1345_1385,1345,1385,Z03,X11,Z,X,3,11
2019_1345_1387,1345,1387,Z03,W13,Z,W,3,13
2019_1345_1388,1345,1388,Z03,Z11,Z,Z,3,11
2019_1345_1393,1345,1393,Z03,X08,Z,X,3,8
2019_1345_1396,1345,1396,Z03,W11,Z,W,3,11
2019_1345_1397,1345,1397,Z03,Z02,Z,Z,3,2
2019_1345_1403,1345,1403,Z03,X03,Z,X,3,3
2019_1345_1414,1345,1414,Z03,Z13,Z,Z,3,13
2019_1345_1416,1345,1416,Z03,W09,Z,W,3,9
2019_1345_1429,1345,1429,Z03,Y08,Z,Y,3,8
2019_1345_1433,1345,1433,Z03,W08,Z,W,3,8
2019_1345_1436,1345,1436,Z03,X13,Z,X,3,13
2019_1345_1437,1345,1437,Z03,Z06,Z,Z,3,6
2019_1345_1438,1345,1438,Z03,Z01,Z,Z,3,1
2019_1345_1439,1345,1439,Z03,W04,Z,W,3,4
2019_1345_1449,1345,1449,Z03,Y09,Z,Y,3,9
2019_1345_1458,1345,1458,Z03,Z05,Z,Z,3,5
2019_1345_1459,1345,1459,Z03,Y07,Z,Y,3,7
2019_1345_1463,1345,1463,Z03,W14,Z,W,3,14
2019_1371_1385,1371,1385,Y10,X11,Y,X,10,11
2019_1371_1387,1371,1387,Y10,W13,Y,W,10,13
2019_1371_1388,1371,1388,Y10,Z11,Y,Z,10,11
2019_1371_1393,1371,1393,Y10,X08,Y,X,10,8
2019_1371_1396,1371,1396,Y10,W11,Y,W,10,11
2019_1371_1397,1371,1397,Y10,Z02,Y,Z,10,2
2019_1371_1403,1371,1403,Y10,X03,Y,X,10,3
2019_1371_1414,1371,1414,Y10,Z13,Y,Z,10,13
2019_1371_1416,1371,1416,Y10,W09,Y,W,10,9
2019_1371_1429,1371,1429,Y10,Y08,Y,Y,10,8
2019_1371_1433,1371,1433,Y10,W08,Y,W,10,8
2019_1371_1436,1371,1436,Y10,X13,Y,X,10,13
2019_1371_1437,1371,1437,Y10,Z06,Y,Z,10,6
2019_1371_1438,1371,1438,Y10,Z01,Y,Z,10,1
2019_1371_1439,1371,1439,Y10,W04,Y,W,10,4
2019_1371_1449,1371,1449,Y10,Y09,Y,Y,10,9
2019_1371_1458,1371,1458,Y10,Z05,Y,Z,10,5
2019_1371_1459,1371,1459,Y10,Y07,Y,Y,10,7
2019_1371_1463,1371,1463,Y10,W14,Y,W,10,14
2019_1385_1387,1385,1387,X11,W13,X,W,11,13
2019_1385_1388,1385,1388,X11,Z11,X,Z,11,11
2019_1385_1393,1385,1393,X11,X08,X,X,11,8
2019_1385_1396,1385,1396,X11,W11,X,W,11,11
2019_1385_1397,1385,1397,X11,Z02,X,Z,11,2
2019_1385_1403,1385,1403,X11,X03,X,X,11,3
2019_1385_1414,1385,1414,X11,Z13,X,Z,11,13
2019_1385_1416,1385,1416,X11,W09,X,W,11,9
2019_1385_1429,1385,1429,X11,Y08,X,Y,11,8
2019_1385_1433,1385,1433,X11,W08,X,W,11,8
2019_1385_1436,1385,1436,X11,X13,X,X,11,13
2019_1385_1437,1385,1437,X11,Z06,X,Z,11,6
2019_1385_1438,1385,1438,X11,Z01,X,Z,11,1
2019_1385_1439,1385,1439,X11,W04,X,W,11,4
2019_1385_1449,1385,1449,X11,Y09,X,Y,11,9
2019_1385_1458,1385,1458,X11,Z05,X,Z,11,5
2019_1385_1459,1385,1459,X11,Y07,X,Y,11,7
2019_1385_1463,1385,1463,X11,W14,X,W,11,14
2019_1387_1388,1387,1388,W13,Z11,W,Z,13,11
2019_1387_1393,1387,1393,W13,X08,W,X,13,8
2019_1387_1396,1387,1396,W13,W11,W,W,13,11
2019_1387_1397,1387,1397,W13,Z02,W,Z,13,2
2019_1387_1403,1387,1403,W13,X03,W,X,13,3
2019_1387_1414,1387,1414,W13,Z13,W,Z,13,13
2019_1387_1416,1387,1416,W13,W09,W,W,13,9
2019_1387_1429,1387,1429,W13,Y08,W,Y,13,8
2019_1387_1433,1387,1433,W13,W08,W,W,13,8
2019_1387_1436,1387,1436,W13,X13,W,X,13,13
2019_1387_1437,1387,1437,W13,Z06,W,Z,13,6
2019_1387_1438,1387,1438,W13,Z01,W,Z,13,1
2019_1387_1439,1387,1439,W13,W04,W,W,13,4
2019_1387_1449,1387,1449,W13,Y09,W,Y,13,9
2019_1387_1458,1387,1458,W13,Z05,W,Z,13,5
2019_1387_1459,1387,1459,W13,Y07,W,Y,13,7
2019_1387_1463,1387,1463,W13,W14,W,W,13,14
2019_1388_1393,1388,1393,Z11,X08,Z,X,11,8
2019_1388_1396,1388,1396,Z11,W11,Z,W,11,11
2019_1388_1397,1388,1397,Z11,Z02,Z,Z,11,2
2019_1388_1403,1388,1403,Z11,X03,Z,X,11,3
2019_1388_1414,1388,1414,Z11,Z13,Z,Z,11,13
2019_1388_1416,1388,1416,Z11,W09,Z,W,11,9
2019_1388_1429,1388,1429,Z11,Y08,Z,Y,11,8
2019_1388_1433,1388,1433,Z11,W08,Z,W,11,8
2019_1388_1436,1388,1436,Z11,X13,Z,X,11,13
2019_1388_1437,1388,1437,Z11,Z06,Z,Z,11,6
2019_1388_1438,1388,1438,Z11,Z01,Z,Z,11,1
2019_1388_1439,1388,1439,Z11,W04,Z,W,11,4
2019_1388_1449,1388,1449,Z11,Y09,Z,Y,11,9
2019_1388_1458,1388,1458,Z11,Z05,Z,Z,11,5
2019_1388_1459,1388,1459,Z11,Y07,Z,Y,11,7
2019_1388_1463,1388,1463,Z11,W14,Z,W,11,14
2019_1393_1396,1393,1396,X08,W11,X,W,8,11
2019_1393_1397,1393,1397,X08,Z02,X,Z,8,2
2019_1393_1403,1393,1403,X08,X03,X,X,8,3
2019_1393_1414,1393,1414,X08,Z13,X,Z,8,13
2019_1393_1416,1393,1416,X08,W09,X,W,8,9
2019_1393_1429,1393,1429,X08,Y08,X,Y,8,8
2019_1393_1433,1393,1433,X08,W08,X,W,8,8
2019_1393_1436,1393,1436,X08,X13,X,X,8,13
2019_1393_1437,1393,1437,X08,Z06,X,Z,8,6
2019_1393_1438,1393,1438,X08,Z01,X,Z,8,1
2019_1393_1439,1393,1439,X08,W04,X,W,8,4
2019_1393_1449,1393,1449,X08,Y09,X,Y,8,9
2019_1393_1458,1393,1458,X08,Z05,X,Z,8,5
2019_1393_1459,1393,1459,X08,Y07,X,Y,8,7
2019_1393_1463,1393,1463,X08,W14,X,W,8,14
2019_1396_1397,1396,1397,W11,Z02,W,Z,11,2
2019_1396_1403,1396,1403,W11,X03,W,X,11,3
2019_1396_1414,1396,1414,W11,Z13,W,Z,11,13
2019_1396_1416,1396,1416,W11,W09,W,W,11,9
2019_1396_1429,1396,1429,W11,Y08,W,Y,11,8
2019_1396_1433,1396,1433,W11,W08,W,W,11,8
2019_1396_1436,1396,1436,W11,X13,W,X,11,13
2019_1396_1437,1396,1437,W11,Z06,W,Z,11,6
2019_1396_1438,1396,1438,W11,Z01,W,Z,11,1
2019_1396_1439,1396,1439,W11,W04,W,W,11,4
2019_1396_1449,1396,1449,W11,Y09,W,Y,11,9
2019_1396_1458,1396,1458,W11,Z05,W,Z,11,5
2019_1396_1459,1396,1459,W11,Y07,W,Y,11,7
2019_1396_1463,1396,1463,W11,W14,W,W,11,14
2019_1397_1403,1397,1403,Z02,X03,Z,X,2,3
2019_1397_1414,1397,1414,Z02,Z13,Z,Z,2,13
2019_1397_1416,1397,1416,Z02,W09,Z,W,2,9
2019_1397_1429,1397,1429,Z02,Y08,Z,Y,2,8
2019_1397_1433,1397,1433,Z02,W08,Z,W,2,8
2019_1397_1436,1397,1436,Z02,X13,Z,X,2,13
2019_1397_1437,1397,1437,Z02,Z06,Z,Z,2,6
2019_1397_1438,1397,1438,Z02,Z01,Z,Z,2,1
2019_1397_1439,1397,1439,Z02,W04,Z,W,2,4
2019_1397_1449,1397,1449,Z02,Y09,Z,Y,2,9
2019_1397_1458,1397,1458,Z02,Z05,Z,Z,2,5
2019_1397_1459,1397,1459,Z02,Y07,Z,Y,2,7
2019_1397_1463,1397,1463,Z02,W14,Z,W,2,14
2019_1403_1414,1403,1414,X03,Z13,X,Z,3,13
2019_1403_1416,1403,1416,X03,W09,X,W,3,9
2019_1403_1429,1403,1429,X03,Y08,X,Y,3,8
2019_1403_1433,1403,1433,X03,W08,X,W,3,8
2019_1403_1436,1403,1436,X03,X13,X,X,3,13
2019_1403_1437,1403,1437,X03,Z06,X,Z,3,6
2019_1403_1438,1403,1438,X03,Z01,X,Z,3,1
2019_1403_1439,1403,1439,X03,W04,X,W,3,4
2019_1403_1449,1403,1449,X03,Y09,X,Y,3,9
2019_1403_1458,1403,1458,X03,Z05,X,Z,3,5
2019_1403_1459,1403,1459,X03,Y07,X,Y,3,7
2019_1403_1463,1403,1463,X03,W14,X,W,3,14
2019_1414_1416,1414,1416,Z13,W09,Z,W,13,9
2019_1414_1429,1414,1429,Z13,Y08,Z,Y,13,8
2019_1414_1433,1414,1433,Z13,W08,Z,W,13,8
2019_1414_1436,1414,1436,Z13,X13,Z,X,13,13
2019_1414_1437,1414,1437,Z13,Z06,Z,Z,13,6
2019_1414_1438,1414,1438,Z13,Z01,Z,Z,13,1
2019_1414_1439,1414,1439,Z13,W04,Z,W,13,4
2019_1414_1449,1414,1449,Z13,Y09,Z,Y,13,9
2019_1414_1458,1414,1458,Z13,Z05,Z,Z,13,5
2019_1414_1459,1414,1459,Z13,Y07,Z,Y,13,7
2019_1414_1463,1414,1463,Z13,W14,Z,W,13,14
2019_1416_1429,1416,1429,W09,Y08,W,Y,9,8
2019_1416_1433,1416,1433,W09,W08,W,W,9,8
2019_1416_1436,1416,1436,W09,X13,W,X,9,13
2019_1416_1437,1416,1437,W09,Z06,W,Z,9,6
2019_1416_1438,1416,1438,W09,Z01,W,Z,9,1
2019_1416_1439,1416,1439,W09,W04,W,W,9,4
2019_1416_1449,1416,1449,W09,Y09,W,Y,9,9
2019_1416_1458,1416,1458,W09,Z05,W,Z,9,5
2019_1416_1459,1416,1459,W09,Y07,W,Y,9,7
2019_1416_1463,1416,1463,W09,W14,W,W,9,14
2019_1429_1433,1429,1433,Y08,W08,Y,W,8,8
2019_1429_1436,1429,1436,Y08,X13,Y,X,8,13
2019_1429_1437,1429,1437,Y08,Z06,Y,Z,8,6
2019_1429_1438,1429,1438,Y08,Z01,Y,Z,8,1
2019_1429_1439,1429,1439,Y08,W04,Y,W,8,4
2019_1429_1449,1429,1449,Y08,Y09,Y,Y,8,9
2019_1429_1458,1429,1458,Y08,Z05,Y,Z,8,5
2019_1429_1459,1429,1459,Y08,Y07,Y,Y,8,7
2019_1429_1463,1429,1463,Y08,W14,Y,W,8,14
2019_1433_1436,1433,1436,W08,X13,W,X,8,13
2019_1433_1437,1433,1437,W08,Z06,W,Z,8,6
2019_1433_1438,1433,1438,W08,Z01,W,Z,8,1
2019_1433_1439,1433,1439,W08,W04,W,W,8,4
2019_1433_1449,1433,1449,W08,Y09,W,Y,8,9
2019_1433_1458,1433,1458,W08,Z05,W,Z,8,5
2019_1433_1459,1433,1459,W08,Y07,W,Y,8,7
2019_1433_1463,1433,1463,W08,W14,W,W,8,14
2019_1436_1437,1436,1437,X13,Z06,X,Z,13,6
2019_1436_1438,1436,1438,X13,Z01,X,Z,13,1
2019_1436_1439,1436,1439,X13,W04,X,W,13,4
2019_1436_1449,1436,1449,X13,Y09,X,Y,13,9
2019_1436_1458,1436,1458,X13,Z05,X,Z,13,5
2019_1436_1459,1436,1459,X13,Y07,X,Y,13,7
2019_1436_1463,1436,1463,X13,W14,X,W,13,14
2019_1437_1438,1437,1438,Z06,Z01,Z,Z,6,1
2019_1437_1439,1437,1439,Z06,W04,Z,W,6,4
2019_1437_1449,1437,1449,Z06,Y09,Z,Y,6,9
2019_1437_1458,1437,1458,Z06,Z05,Z,Z,6,5
2019_1437_1459,1437,1459,Z06,Y07,Z,Y,6,7
2019_1437_1463,1437,1463,Z06,W14,Z,W,6,14
2019_1438_1439,1438,1439,Z01,W04,Z,W,1,4
2019_1438_1449,1438,1449,Z01,Y09,Z,Y,1,9
2019_1438_1458,1438,1458,Z01,Z05,Z,Z,1,5
2019_1438_1459,1438,1459,Z01,Y07,Z,Y,1,7
2019_1438_1463,1438,1463,Z01,W14,Z,W,1,14
2019_1439_1449,1439,1449,W04,Y09,W,Y,4,9
2019_1439_1458,1439,1458,W04,Z05,W,Z,4,5
2019_1439_1459,1439,1459,W04,Y07,W,Y,4,7
2019_1439_1463,1439,1463,W04,W14,W,W,4,14
2019_1449_1458,1449,1458,Y09,Z05,Y,Z,9,5
2019_1449_1459,1449,1459,Y09,Y07,Y,Y,9,7
2019_1449_1463,1449,1463,Y09,W14,Y,W,9,14
2019_1458_1459,1458,1459,Z05,Y07,Z,Y,5,7
2019_1458_1463,1458,1463,Z05,W14,Z,W,5,14
2019_1459_1463,1459,1463,Y07,W14,Y,W,7,14
